"artname","pop_nr","tpop_nr","jahr","typ"
"Aldrovanda vesiculosa L.",25,1,2025,"ek"
"Aldrovanda vesiculosa L.",25,1,2029,"ek"
"Aldrovanda vesiculosa L.",25,1,2037,"ek"
"Aldrovanda vesiculosa L.",25,1,2045,"ek"
"Aldrovanda vesiculosa L.",25,2,2025,"ek"
"Aldrovanda vesiculosa L.",25,2,2029,"ek"
"Aldrovanda vesiculosa L.",25,2,2037,"ek"
"Aldrovanda vesiculosa L.",25,2,2045,"ek"
"Aldrovanda vesiculosa L.",25,3,2025,"ek"
"Aldrovanda vesiculosa L.",25,3,2029,"ek"
"Aldrovanda vesiculosa L.",25,3,2037,"ek"
"Aldrovanda vesiculosa L.",25,3,2045,"ek"
"Aldrovanda vesiculosa L.",25,4,2025,"ek"
"Aldrovanda vesiculosa L.",25,4,2029,"ek"
"Aldrovanda vesiculosa L.",25,4,2037,"ek"
"Aldrovanda vesiculosa L.",25,4,2045,"ek"
"Aldrovanda vesiculosa L.",25,5,2025,"ek"
"Aldrovanda vesiculosa L.",25,5,2029,"ek"
"Aldrovanda vesiculosa L.",25,5,2037,"ek"
"Aldrovanda vesiculosa L.",25,5,2045,"ek"
"Aldrovanda vesiculosa L.",25,6,2025,"ek"
"Aldrovanda vesiculosa L.",25,6,2029,"ek"
"Aldrovanda vesiculosa L.",25,6,2037,"ek"
"Aldrovanda vesiculosa L.",25,6,2045,"ek"
"Allium angulosum L.",1,7,2029,"ek"
"Allium angulosum L.",1,7,2031,"ek"
"Allium angulosum L.",1,7,2035,"ek"
"Allium angulosum L.",1,7,2043,"ek"
"Allium angulosum L.",17,2,2029,"ek"
"Allium angulosum L.",17,2,2031,"ek"
"Allium angulosum L.",17,2,2035,"ek"
"Allium angulosum L.",17,2,2043,"ek"
"Allium angulosum L.",38,1,2029,"ek"
"Allium angulosum L.",38,1,2031,"ek"
"Allium angulosum L.",38,1,2035,"ek"
"Allium angulosum L.",38,1,2043,"ek"
"Allium angulosum L.",39,1,2029,"ek"
"Allium angulosum L.",39,1,2031,"ek"
"Allium angulosum L.",39,1,2035,"ek"
"Allium angulosum L.",39,1,2043,"ek"
"Allium angulosum L.",39,2,2029,"ek"
"Allium angulosum L.",39,2,2031,"ek"
"Allium angulosum L.",39,2,2035,"ek"
"Allium angulosum L.",39,2,2043,"ek"
"Allium angulosum L.",40,1,2029,"ek"
"Allium angulosum L.",40,1,2031,"ek"
"Allium angulosum L.",40,1,2035,"ek"
"Allium angulosum L.",40,1,2043,"ek"
"Allium angulosum L.",41,1,2029,"ek"
"Allium angulosum L.",41,1,2031,"ek"
"Allium angulosum L.",41,1,2035,"ek"
"Allium angulosum L.",41,1,2043,"ek"
"Allium angulosum L.",41,2,2029,"ek"
"Allium angulosum L.",41,2,2031,"ek"
"Allium angulosum L.",41,2,2035,"ek"
"Allium angulosum L.",41,2,2043,"ek"
"Allium suaveolens Jacq.",11,1,2021,"ek"
"Allium suaveolens Jacq.",11,1,2025,"ek"
"Allium suaveolens Jacq.",11,1,2033,"ek"
"Allium suaveolens Jacq.",11,1,2041,"ek"
"Allium suaveolens Jacq.",12,1,2029,"ek"
"Allium suaveolens Jacq.",12,1,2031,"ek"
"Allium suaveolens Jacq.",12,1,2035,"ek"
"Allium suaveolens Jacq.",12,1,2043,"ek"
"Anagallis minima (L.) E. H. L. Krause",2,6,2029,"ek"
"Anagallis minima (L.) E. H. L. Krause",2,6,2031,"ek"
"Anagallis minima (L.) E. H. L. Krause",2,6,2035,"ek"
"Anagallis minima (L.) E. H. L. Krause",2,6,2043,"ek"
"Anagallis minima (L.) E. H. L. Krause",2,7,2029,"ek"
"Anagallis minima (L.) E. H. L. Krause",2,7,2031,"ek"
"Anagallis minima (L.) E. H. L. Krause",2,7,2035,"ek"
"Anagallis minima (L.) E. H. L. Krause",2,7,2043,"ek"
"Anagallis minima (L.) E. H. L. Krause",2,8,2029,"ek"
"Anagallis minima (L.) E. H. L. Krause",2,8,2031,"ek"
"Anagallis minima (L.) E. H. L. Krause",2,8,2035,"ek"
"Anagallis minima (L.) E. H. L. Krause",2,8,2043,"ek"
"Bupleurum longifolium L.",4,4,2025,"ek"
"Bupleurum longifolium L.",4,4,2029,"ek"
"Bupleurum longifolium L.",4,4,2037,"ek"
"Bupleurum longifolium L.",4,4,2045,"ek"
"Bupleurum longifolium L.",4,5,2029,"ek"
"Bupleurum longifolium L.",4,5,2031,"ek"
"Bupleurum longifolium L.",4,5,2035,"ek"
"Bupleurum longifolium L.",4,5,2043,"ek"
"Bupleurum longifolium L.",4,6,2029,"ek"
"Bupleurum longifolium L.",4,6,2031,"ek"
"Bupleurum longifolium L.",4,6,2035,"ek"
"Bupleurum longifolium L.",4,6,2043,"ek"
"Bupleurum longifolium L.",5,3,2010,"ek"
"Bupleurum longifolium L.",5,3,2014,"ek"
"Bupleurum longifolium L.",5,3,2022,"ek"
"Bupleurum longifolium L.",5,3,2030,"ek"
"Bupleurum longifolium L.",5,4,2025,"ek"
"Bupleurum longifolium L.",5,4,2027,"ek"
"Bupleurum longifolium L.",5,4,2029,"ek"
"Bupleurum longifolium L.",5,4,2031,"ek"
"Bupleurum longifolium L.",5,4,2033,"ek"
"Bupleurum longifolium L.",5,4,2035,"ek"
"Bupleurum longifolium L.",5,4,2037,"ek"
"Bupleurum longifolium L.",5,4,2039,"ek"
"Bupleurum longifolium L.",5,4,2041,"ek"
"Bupleurum longifolium L.",5,4,2043,"ek"
"Bupleurum longifolium L.",5,4,2045,"ek"
"Bupleurum longifolium L.",5,4,2047,"ek"
"Campanula cervicaria L.",5,3,2005,"ek"
"Campanula cervicaria L.",5,3,2009,"ek"
"Campanula cervicaria L.",5,3,2017,"ek"
"Campanula cervicaria L.",5,3,2025,"ek"
"Campanula cervicaria L.",28,3,2029,"ek"
"Campanula cervicaria L.",28,3,2031,"ek"
"Campanula cervicaria L.",28,3,2035,"ek"
"Campanula cervicaria L.",28,3,2043,"ek"
"Campanula cervicaria L.",28,4,2029,"ek"
"Campanula cervicaria L.",28,4,2031,"ek"
"Campanula cervicaria L.",28,4,2035,"ek"
"Campanula cervicaria L.",28,4,2043,"ek"
"Campanula cervicaria L.",28,5,2029,"ek"
"Campanula cervicaria L.",28,5,2031,"ek"
"Campanula cervicaria L.",28,5,2035,"ek"
"Campanula cervicaria L.",28,5,2043,"ek"
"Campanula cervicaria L.",45,1,2029,"ek"
"Campanula cervicaria L.",45,1,2031,"ek"
"Campanula cervicaria L.",45,1,2035,"ek"
"Campanula cervicaria L.",45,1,2043,"ek"
"Campanula cervicaria L.",45,2,2029,"ek"
"Campanula cervicaria L.",45,2,2031,"ek"
"Campanula cervicaria L.",45,2,2035,"ek"
"Campanula cervicaria L.",45,2,2043,"ek"
"Campanula cervicaria L.",45,3,2029,"ek"
"Campanula cervicaria L.",45,3,2031,"ek"
"Campanula cervicaria L.",45,3,2035,"ek"
"Campanula cervicaria L.",45,3,2043,"ek"
"Campanula cervicaria L.",45,4,2029,"ek"
"Campanula cervicaria L.",45,4,2031,"ek"
"Campanula cervicaria L.",45,4,2035,"ek"
"Campanula cervicaria L.",45,4,2043,"ek"
"Campanula cervicaria L.",59,2,2029,"ek"
"Campanula cervicaria L.",59,2,2031,"ek"
"Campanula cervicaria L.",59,2,2035,"ek"
"Campanula cervicaria L.",59,2,2043,"ek"
"Campanula cervicaria L.",59,3,2026,"ek"
"Campanula cervicaria L.",59,3,2028,"ek"
"Campanula cervicaria L.",59,3,2032,"ek"
"Campanula cervicaria L.",59,3,2040,"ek"
"Campanula cervicaria L.",59,4,2029,"ek"
"Campanula cervicaria L.",59,4,2031,"ek"
"Campanula cervicaria L.",59,4,2035,"ek"
"Campanula cervicaria L.",59,4,2043,"ek"
"Campanula cervicaria L.",62,2,2029,"ek"
"Campanula cervicaria L.",62,2,2031,"ek"
"Campanula cervicaria L.",62,2,2035,"ek"
"Campanula cervicaria L.",62,2,2043,"ek"
"Campanula cervicaria L.",63,1,2029,"ek"
"Campanula cervicaria L.",63,1,2031,"ek"
"Campanula cervicaria L.",63,1,2035,"ek"
"Campanula cervicaria L.",63,1,2043,"ek"
"Campanula cervicaria L.",63,2,2029,"ek"
"Campanula cervicaria L.",63,2,2031,"ek"
"Campanula cervicaria L.",63,2,2035,"ek"
"Campanula cervicaria L.",63,2,2043,"ek"
"Campanula cervicaria L.",63,3,2029,"ek"
"Campanula cervicaria L.",63,3,2031,"ek"
"Campanula cervicaria L.",63,3,2035,"ek"
"Campanula cervicaria L.",63,3,2043,"ek"
"Campanula cervicaria L.",64,1,2029,"ek"
"Campanula cervicaria L.",64,1,2031,"ek"
"Campanula cervicaria L.",64,1,2035,"ek"
"Campanula cervicaria L.",64,1,2043,"ek"
"Campanula cervicaria L.",66,1,2029,"ek"
"Campanula cervicaria L.",66,1,2031,"ek"
"Campanula cervicaria L.",66,1,2035,"ek"
"Campanula cervicaria L.",66,1,2043,"ek"
"Campanula cervicaria L.",66,2,2029,"ek"
"Campanula cervicaria L.",66,2,2031,"ek"
"Campanula cervicaria L.",66,2,2035,"ek"
"Campanula cervicaria L.",66,2,2043,"ek"
"Campanula cervicaria L.",67,1,2029,"ek"
"Campanula cervicaria L.",67,1,2031,"ek"
"Campanula cervicaria L.",67,1,2035,"ek"
"Campanula cervicaria L.",67,1,2043,"ek"
"Campanula cervicaria L.",69,1,2029,"ek"
"Campanula cervicaria L.",69,1,2031,"ek"
"Campanula cervicaria L.",69,1,2035,"ek"
"Campanula cervicaria L.",69,1,2043,"ek"
"Campanula cervicaria L.",75,1,2029,"ek"
"Campanula cervicaria L.",75,1,2031,"ek"
"Campanula cervicaria L.",75,1,2035,"ek"
"Campanula cervicaria L.",75,1,2043,"ek"
"Campanula cervicaria L.",89,9,2025,"ek"
"Campanula cervicaria L.",89,9,2029,"ek"
"Campanula cervicaria L.",89,9,2037,"ek"
"Campanula cervicaria L.",89,9,2045,"ek"
"Campanula cervicaria L.",89,10,2025,"ek"
"Campanula cervicaria L.",89,10,2029,"ek"
"Campanula cervicaria L.",89,10,2037,"ek"
"Campanula cervicaria L.",89,10,2045,"ek"
"Campanula cervicaria L.",91,1,2029,"ek"
"Campanula cervicaria L.",91,1,2031,"ek"
"Campanula cervicaria L.",91,1,2035,"ek"
"Campanula cervicaria L.",91,1,2043,"ek"
"Campanula cervicaria L.",98,1,2029,"ek"
"Campanula cervicaria L.",98,1,2031,"ek"
"Campanula cervicaria L.",98,1,2035,"ek"
"Campanula cervicaria L.",98,1,2043,"ek"
"Campanula cervicaria L.",98,2,2029,"ek"
"Campanula cervicaria L.",98,2,2031,"ek"
"Campanula cervicaria L.",98,2,2035,"ek"
"Campanula cervicaria L.",98,2,2043,"ek"
"Campanula cervicaria L.",101,1,2029,"ek"
"Campanula cervicaria L.",101,1,2031,"ek"
"Campanula cervicaria L.",101,1,2035,"ek"
"Campanula cervicaria L.",101,1,2043,"ek"
"Cardamine dentata Schult.",14,1,2027,"ek"
"Cardamine dentata Schult.",14,1,2031,"ek"
"Cardamine dentata Schult.",14,1,2035,"ek"
"Cardamine dentata Schult.",14,1,2039,"ek"
"Cardamine dentata Schult.",14,1,2043,"ek"
"Cardamine dentata Schult.",14,1,2047,"ek"
"Cardamine dentata Schult.",14,2,2027,"ek"
"Cardamine dentata Schult.",14,2,2031,"ek"
"Cardamine dentata Schult.",14,2,2035,"ek"
"Cardamine dentata Schult.",14,2,2039,"ek"
"Cardamine dentata Schult.",14,2,2043,"ek"
"Cardamine dentata Schult.",14,2,2047,"ek"
"Carex hartmanii Cajander",17,23,2025,"ek"
"Carex hartmanii Cajander",17,23,2029,"ek"
"Carex hartmanii Cajander",17,23,2037,"ek"
"Carex hartmanii Cajander",17,23,2045,"ek"
"Carex hartmanii Cajander",40,1,2025,"ek"
"Carex hartmanii Cajander",40,1,2029,"ek"
"Carex hartmanii Cajander",40,1,2037,"ek"
"Carex hartmanii Cajander",40,1,2045,"ek"
"Carex hartmanii Cajander",40,2,2025,"ek"
"Carex hartmanii Cajander",40,2,2029,"ek"
"Carex hartmanii Cajander",40,2,2037,"ek"
"Carex hartmanii Cajander",40,2,2045,"ek"
"Carex hartmanii Cajander",40,3,2025,"ek"
"Carex hartmanii Cajander",40,3,2029,"ek"
"Carex hartmanii Cajander",40,3,2037,"ek"
"Carex hartmanii Cajander",40,3,2045,"ek"
"Carex hartmanii Cajander",40,4,2025,"ek"
"Carex hartmanii Cajander",40,4,2029,"ek"
"Carex hartmanii Cajander",40,4,2037,"ek"
"Carex hartmanii Cajander",40,4,2045,"ek"
"Chara filiformis H. Hertzsch",2,3,2025,"ek"
"Chara filiformis H. Hertzsch",2,3,2029,"ek"
"Chara filiformis H. Hertzsch",2,3,2037,"ek"
"Chara filiformis H. Hertzsch",2,3,2045,"ek"
"Chara filiformis H. Hertzsch",5,1,2025,"ek"
"Chara filiformis H. Hertzsch",5,1,2029,"ek"
"Chara filiformis H. Hertzsch",5,1,2037,"ek"
"Chara filiformis H. Hertzsch",5,1,2045,"ek"
"Chara intermedia A. Braun",25,1,2027,"ek"
"Chara intermedia A. Braun",25,1,2031,"ek"
"Chara intermedia A. Braun",25,1,2035,"ek"
"Chara intermedia A. Braun",25,1,2039,"ek"
"Chara intermedia A. Braun",25,1,2043,"ek"
"Chara intermedia A. Braun",25,1,2047,"ek"
"Chara intermedia A. Braun",26,1,2025,"ek"
"Chara intermedia A. Braun",26,1,2029,"ek"
"Chara intermedia A. Braun",26,1,2037,"ek"
"Chara intermedia A. Braun",26,1,2045,"ek"
"Chara intermedia A. Braun",27,1,2025,"ek"
"Chara intermedia A. Braun",27,1,2029,"ek"
"Chara intermedia A. Braun",27,1,2037,"ek"
"Chara intermedia A. Braun",27,1,2045,"ek"
"Chara intermedia A. Braun",28,1,2027,"ek"
"Chara intermedia A. Braun",28,1,2031,"ek"
"Chara intermedia A. Braun",28,1,2035,"ek"
"Chara intermedia A. Braun",28,1,2039,"ek"
"Chara intermedia A. Braun",28,1,2043,"ek"
"Chara intermedia A. Braun",28,1,2047,"ek"
"Cirsium tuberosum (L.) All.",1,1,2027,"ek"
"Cirsium tuberosum (L.) All.",1,1,2031,"ek"
"Cirsium tuberosum (L.) All.",1,1,2035,"ek"
"Cirsium tuberosum (L.) All.",1,1,2039,"ek"
"Cirsium tuberosum (L.) All.",1,1,2043,"ek"
"Cirsium tuberosum (L.) All.",1,1,2047,"ek"
"Cirsium tuberosum (L.) All.",2,1,2027,"ek"
"Cirsium tuberosum (L.) All.",2,1,2031,"ek"
"Cirsium tuberosum (L.) All.",2,1,2035,"ek"
"Cirsium tuberosum (L.) All.",2,1,2039,"ek"
"Cirsium tuberosum (L.) All.",2,1,2043,"ek"
"Cirsium tuberosum (L.) All.",2,1,2047,"ek"
"Cirsium tuberosum (L.) All.",3,1,2025,"ek"
"Cirsium tuberosum (L.) All.",3,1,2027,"ek"
"Cirsium tuberosum (L.) All.",3,1,2029,"ek"
"Cirsium tuberosum (L.) All.",3,1,2031,"ek"
"Cirsium tuberosum (L.) All.",3,1,2033,"ek"
"Cirsium tuberosum (L.) All.",3,1,2035,"ek"
"Cirsium tuberosum (L.) All.",3,1,2037,"ek"
"Cirsium tuberosum (L.) All.",3,1,2039,"ek"
"Cirsium tuberosum (L.) All.",3,1,2041,"ek"
"Cirsium tuberosum (L.) All.",3,1,2043,"ek"
"Cirsium tuberosum (L.) All.",3,1,2045,"ek"
"Cirsium tuberosum (L.) All.",3,1,2047,"ek"
"Cirsium tuberosum (L.) All.",41,1,2024,"ek"
"Cirsium tuberosum (L.) All.",60,1,2027,"ek"
"Cirsium tuberosum (L.) All.",60,1,2031,"ek"
"Cirsium tuberosum (L.) All.",60,1,2035,"ek"
"Cirsium tuberosum (L.) All.",60,1,2039,"ek"
"Cirsium tuberosum (L.) All.",60,1,2043,"ek"
"Cirsium tuberosum (L.) All.",60,1,2047,"ek"
"Cirsium tuberosum (L.) All.",140,1,2025,"ek"
"Cirsium tuberosum (L.) All.",140,1,2029,"ek"
"Cirsium tuberosum (L.) All.",140,1,2037,"ek"
"Cirsium tuberosum (L.) All.",140,1,2045,"ek"
"Cirsium tuberosum (L.) All.",140,2,2025,"ek"
"Cirsium tuberosum (L.) All.",140,2,2029,"ek"
"Cirsium tuberosum (L.) All.",140,2,2037,"ek"
"Cirsium tuberosum (L.) All.",140,2,2045,"ek"
"Cirsium tuberosum (L.) All.",140,3,2025,"ek"
"Cirsium tuberosum (L.) All.",140,3,2029,"ek"
"Cirsium tuberosum (L.) All.",140,3,2037,"ek"
"Cirsium tuberosum (L.) All.",140,3,2045,"ek"
"Cirsium tuberosum (L.) All.",140,4,2025,"ek"
"Cirsium tuberosum (L.) All.",140,4,2029,"ek"
"Cirsium tuberosum (L.) All.",140,4,2037,"ek"
"Cirsium tuberosum (L.) All.",140,4,2045,"ek"
"Cypripedium calceolus L.",36,2,2025,"ek"
"Cypripedium calceolus L.",36,2,2027,"ek"
"Cypripedium calceolus L.",36,2,2029,"ek"
"Cypripedium calceolus L.",36,2,2031,"ek"
"Cypripedium calceolus L.",36,2,2033,"ek"
"Cypripedium calceolus L.",36,2,2035,"ek"
"Cypripedium calceolus L.",36,2,2037,"ek"
"Cypripedium calceolus L.",36,2,2039,"ek"
"Cypripedium calceolus L.",36,2,2041,"ek"
"Cypripedium calceolus L.",36,2,2043,"ek"
"Cypripedium calceolus L.",36,2,2045,"ek"
"Cypripedium calceolus L.",36,2,2047,"ek"
"Cypripedium calceolus L.",61,1,2025,"ek"
"Cypripedium calceolus L.",61,1,2027,"ek"
"Cypripedium calceolus L.",61,1,2029,"ek"
"Cypripedium calceolus L.",61,1,2031,"ek"
"Cypripedium calceolus L.",61,1,2033,"ek"
"Cypripedium calceolus L.",61,1,2035,"ek"
"Cypripedium calceolus L.",61,1,2037,"ek"
"Cypripedium calceolus L.",61,1,2039,"ek"
"Cypripedium calceolus L.",61,1,2041,"ek"
"Cypripedium calceolus L.",61,1,2043,"ek"
"Cypripedium calceolus L.",61,1,2045,"ek"
"Cypripedium calceolus L.",61,1,2047,"ek"
"Cypripedium calceolus L.",64,1,2025,"ek"
"Cypripedium calceolus L.",64,1,2027,"ek"
"Cypripedium calceolus L.",64,1,2029,"ek"
"Cypripedium calceolus L.",64,1,2031,"ek"
"Cypripedium calceolus L.",64,1,2033,"ek"
"Cypripedium calceolus L.",64,1,2035,"ek"
"Cypripedium calceolus L.",64,1,2037,"ek"
"Cypripedium calceolus L.",64,1,2039,"ek"
"Cypripedium calceolus L.",64,1,2041,"ek"
"Cypripedium calceolus L.",64,1,2043,"ek"
"Cypripedium calceolus L.",64,1,2045,"ek"
"Cypripedium calceolus L.",64,1,2047,"ek"
"Cypripedium calceolus L.",70,1,2024,"ek"
"Cypripedium calceolus L.",71,1,2025,"ek"
"Cypripedium calceolus L.",71,1,2027,"ek"
"Cypripedium calceolus L.",71,1,2029,"ek"
"Cypripedium calceolus L.",71,1,2031,"ek"
"Cypripedium calceolus L.",71,1,2033,"ek"
"Cypripedium calceolus L.",71,1,2035,"ek"
"Cypripedium calceolus L.",71,1,2037,"ek"
"Cypripedium calceolus L.",71,1,2039,"ek"
"Cypripedium calceolus L.",71,1,2041,"ek"
"Cypripedium calceolus L.",71,1,2043,"ek"
"Cypripedium calceolus L.",71,1,2045,"ek"
"Cypripedium calceolus L.",71,1,2047,"ek"
"Cypripedium calceolus L.",74,1,2025,"ek"
"Cypripedium calceolus L.",74,1,2027,"ek"
"Cypripedium calceolus L.",74,1,2029,"ek"
"Cypripedium calceolus L.",74,1,2031,"ek"
"Cypripedium calceolus L.",74,1,2033,"ek"
"Cypripedium calceolus L.",74,1,2035,"ek"
"Cypripedium calceolus L.",74,1,2037,"ek"
"Cypripedium calceolus L.",74,1,2039,"ek"
"Cypripedium calceolus L.",74,1,2041,"ek"
"Cypripedium calceolus L.",74,1,2043,"ek"
"Cypripedium calceolus L.",74,1,2045,"ek"
"Cypripedium calceolus L.",74,1,2047,"ek"
"Cypripedium calceolus L.",75,2,2025,"ek"
"Cypripedium calceolus L.",75,2,2027,"ek"
"Cypripedium calceolus L.",75,2,2029,"ek"
"Cypripedium calceolus L.",75,2,2031,"ek"
"Cypripedium calceolus L.",75,2,2033,"ek"
"Cypripedium calceolus L.",75,2,2035,"ek"
"Cypripedium calceolus L.",75,2,2037,"ek"
"Cypripedium calceolus L.",75,2,2039,"ek"
"Cypripedium calceolus L.",75,2,2041,"ek"
"Cypripedium calceolus L.",75,2,2043,"ek"
"Cypripedium calceolus L.",75,2,2045,"ek"
"Cypripedium calceolus L.",75,2,2047,"ek"
"Cypripedium calceolus L.",90,1,2025,"ek"
"Cypripedium calceolus L.",90,1,2027,"ek"
"Cypripedium calceolus L.",90,1,2029,"ek"
"Cypripedium calceolus L.",90,1,2031,"ek"
"Cypripedium calceolus L.",90,1,2033,"ek"
"Cypripedium calceolus L.",90,1,2035,"ek"
"Cypripedium calceolus L.",90,1,2037,"ek"
"Cypripedium calceolus L.",90,1,2039,"ek"
"Cypripedium calceolus L.",90,1,2041,"ek"
"Cypripedium calceolus L.",90,1,2043,"ek"
"Cypripedium calceolus L.",90,1,2045,"ek"
"Cypripedium calceolus L.",90,1,2047,"ek"
"Cypripedium calceolus L.",96,4,2027,"ek"
"Cypripedium calceolus L.",96,4,2031,"ek"
"Cypripedium calceolus L.",96,4,2035,"ek"
"Cypripedium calceolus L.",96,4,2039,"ek"
"Cypripedium calceolus L.",96,4,2043,"ek"
"Cypripedium calceolus L.",96,4,2047,"ek"
"Cypripedium calceolus L.",97,1,2024,"ek"
"Cypripedium calceolus L.",108,1,2024,"ek"
"Cypripedium calceolus L.",110,2,2025,"ek"
"Cypripedium calceolus L.",110,2,2027,"ek"
"Cypripedium calceolus L.",110,2,2029,"ek"
"Cypripedium calceolus L.",110,2,2031,"ek"
"Cypripedium calceolus L.",110,2,2033,"ek"
"Cypripedium calceolus L.",110,2,2035,"ek"
"Cypripedium calceolus L.",110,2,2037,"ek"
"Cypripedium calceolus L.",110,2,2039,"ek"
"Cypripedium calceolus L.",110,2,2041,"ek"
"Cypripedium calceolus L.",110,2,2043,"ek"
"Cypripedium calceolus L.",110,2,2045,"ek"
"Cypripedium calceolus L.",110,2,2047,"ek"
"Cypripedium calceolus L.",110,3,2024,"ek"
"Cypripedium calceolus L.",111,2,2025,"ek"
"Cypripedium calceolus L.",111,2,2027,"ek"
"Cypripedium calceolus L.",111,2,2029,"ek"
"Cypripedium calceolus L.",111,2,2031,"ek"
"Cypripedium calceolus L.",111,2,2033,"ek"
"Cypripedium calceolus L.",111,2,2035,"ek"
"Cypripedium calceolus L.",111,2,2037,"ek"
"Cypripedium calceolus L.",111,2,2039,"ek"
"Cypripedium calceolus L.",111,2,2041,"ek"
"Cypripedium calceolus L.",111,2,2043,"ek"
"Cypripedium calceolus L.",111,2,2045,"ek"
"Cypripedium calceolus L.",111,2,2047,"ek"
"Cypripedium calceolus L.",118,3,2029,"ek"
"Cypripedium calceolus L.",118,3,2031,"ek"
"Cypripedium calceolus L.",118,3,2035,"ek"
"Cypripedium calceolus L.",118,3,2043,"ek"
"Cypripedium calceolus L.",124,2,2025,"ek"
"Cypripedium calceolus L.",124,2,2027,"ek"
"Cypripedium calceolus L.",124,2,2029,"ek"
"Cypripedium calceolus L.",124,2,2031,"ek"
"Cypripedium calceolus L.",124,2,2033,"ek"
"Cypripedium calceolus L.",124,2,2035,"ek"
"Cypripedium calceolus L.",124,2,2037,"ek"
"Cypripedium calceolus L.",124,2,2039,"ek"
"Cypripedium calceolus L.",124,2,2041,"ek"
"Cypripedium calceolus L.",124,2,2043,"ek"
"Cypripedium calceolus L.",124,2,2045,"ek"
"Cypripedium calceolus L.",124,2,2047,"ek"
"Cypripedium calceolus L.",134,2,2025,"ek"
"Cypripedium calceolus L.",134,2,2027,"ek"
"Cypripedium calceolus L.",134,2,2029,"ek"
"Cypripedium calceolus L.",134,2,2031,"ek"
"Cypripedium calceolus L.",134,2,2033,"ek"
"Cypripedium calceolus L.",134,2,2035,"ek"
"Cypripedium calceolus L.",134,2,2037,"ek"
"Cypripedium calceolus L.",134,2,2039,"ek"
"Cypripedium calceolus L.",134,2,2041,"ek"
"Cypripedium calceolus L.",134,2,2043,"ek"
"Cypripedium calceolus L.",134,2,2045,"ek"
"Cypripedium calceolus L.",134,2,2047,"ek"
"Cypripedium calceolus L.",135,1,2025,"ek"
"Cypripedium calceolus L.",135,1,2027,"ek"
"Cypripedium calceolus L.",135,1,2029,"ek"
"Cypripedium calceolus L.",135,1,2031,"ek"
"Cypripedium calceolus L.",135,1,2033,"ek"
"Cypripedium calceolus L.",135,1,2035,"ek"
"Cypripedium calceolus L.",135,1,2037,"ek"
"Cypripedium calceolus L.",135,1,2039,"ek"
"Cypripedium calceolus L.",135,1,2041,"ek"
"Cypripedium calceolus L.",135,1,2043,"ek"
"Cypripedium calceolus L.",135,1,2045,"ek"
"Cypripedium calceolus L.",135,1,2047,"ek"
"Dactylorhiza incarnata subsp. ochroleuca (Boll) P. F. Hunt & Summerh.",10,6,2025,"ek"
"Dactylorhiza incarnata subsp. ochroleuca (Boll) P. F. Hunt & Summerh.",10,6,2027,"ek"
"Dactylorhiza incarnata subsp. ochroleuca (Boll) P. F. Hunt & Summerh.",10,6,2029,"ek"
"Dactylorhiza incarnata subsp. ochroleuca (Boll) P. F. Hunt & Summerh.",10,6,2031,"ek"
"Dactylorhiza incarnata subsp. ochroleuca (Boll) P. F. Hunt & Summerh.",10,6,2033,"ek"
"Dactylorhiza incarnata subsp. ochroleuca (Boll) P. F. Hunt & Summerh.",10,6,2035,"ek"
"Dactylorhiza incarnata subsp. ochroleuca (Boll) P. F. Hunt & Summerh.",10,6,2037,"ek"
"Dactylorhiza incarnata subsp. ochroleuca (Boll) P. F. Hunt & Summerh.",10,6,2039,"ek"
"Dactylorhiza incarnata subsp. ochroleuca (Boll) P. F. Hunt & Summerh.",10,6,2041,"ek"
"Dactylorhiza incarnata subsp. ochroleuca (Boll) P. F. Hunt & Summerh.",10,6,2043,"ek"
"Dactylorhiza incarnata subsp. ochroleuca (Boll) P. F. Hunt & Summerh.",10,6,2045,"ek"
"Dactylorhiza incarnata subsp. ochroleuca (Boll) P. F. Hunt & Summerh.",10,6,2047,"ek"
"Dactylorhiza incarnata subsp. ochroleuca (Boll) P. F. Hunt & Summerh.",49,1,2029,"ek"
"Dactylorhiza incarnata subsp. ochroleuca (Boll) P. F. Hunt & Summerh.",49,1,2031,"ek"
"Dactylorhiza incarnata subsp. ochroleuca (Boll) P. F. Hunt & Summerh.",49,1,2035,"ek"
"Dactylorhiza incarnata subsp. ochroleuca (Boll) P. F. Hunt & Summerh.",49,1,2043,"ek"
"Dactylorhiza incarnata subsp. ochroleuca (Boll) P. F. Hunt & Summerh.",50,1,2029,"ek"
"Dactylorhiza incarnata subsp. ochroleuca (Boll) P. F. Hunt & Summerh.",50,1,2031,"ek"
"Dactylorhiza incarnata subsp. ochroleuca (Boll) P. F. Hunt & Summerh.",50,1,2035,"ek"
"Dactylorhiza incarnata subsp. ochroleuca (Boll) P. F. Hunt & Summerh.",50,1,2043,"ek"
"Dactylorhiza incarnata subsp. ochroleuca (Boll) P. F. Hunt & Summerh.",51,1,2029,"ek"
"Dactylorhiza incarnata subsp. ochroleuca (Boll) P. F. Hunt & Summerh.",51,1,2031,"ek"
"Dactylorhiza incarnata subsp. ochroleuca (Boll) P. F. Hunt & Summerh.",51,1,2035,"ek"
"Dactylorhiza incarnata subsp. ochroleuca (Boll) P. F. Hunt & Summerh.",51,1,2043,"ek"
"Daphne cneorum L.",100,1,2025,"ek"
"Daphne cneorum L.",100,1,2029,"ek"
"Daphne cneorum L.",100,1,2037,"ek"
"Daphne cneorum L.",100,1,2045,"ek"
"Daphne cneorum L.",100,2,2025,"ek"
"Daphne cneorum L.",100,2,2029,"ek"
"Daphne cneorum L.",100,2,2037,"ek"
"Daphne cneorum L.",100,2,2045,"ek"
"Dianthus gratianopolitanus Vill.",110,3,2025,"ek"
"Dianthus gratianopolitanus Vill.",110,3,2029,"ek"
"Dianthus gratianopolitanus Vill.",110,3,2037,"ek"
"Dianthus gratianopolitanus Vill.",110,3,2045,"ek"
"Dianthus gratianopolitanus Vill.",115,4,2025,"ek"
"Dianthus gratianopolitanus Vill.",115,4,2029,"ek"
"Dianthus gratianopolitanus Vill.",115,4,2037,"ek"
"Dianthus gratianopolitanus Vill.",115,4,2045,"ek"
"Dianthus gratianopolitanus Vill.",121,4,2025,"ek"
"Dianthus gratianopolitanus Vill.",121,4,2029,"ek"
"Dianthus gratianopolitanus Vill.",121,4,2037,"ek"
"Dianthus gratianopolitanus Vill.",121,4,2045,"ek"
"Dianthus gratianopolitanus Vill.",121,5,2025,"ek"
"Dianthus gratianopolitanus Vill.",121,5,2029,"ek"
"Dianthus gratianopolitanus Vill.",121,5,2037,"ek"
"Dianthus gratianopolitanus Vill.",121,5,2045,"ek"
"Dianthus gratianopolitanus Vill.",121,6,2025,"ek"
"Dianthus gratianopolitanus Vill.",121,6,2029,"ek"
"Dianthus gratianopolitanus Vill.",121,6,2037,"ek"
"Dianthus gratianopolitanus Vill.",121,6,2045,"ek"
"Dianthus gratianopolitanus Vill.",121,7,2025,"ek"
"Dianthus gratianopolitanus Vill.",121,7,2029,"ek"
"Dianthus gratianopolitanus Vill.",121,7,2037,"ek"
"Dianthus gratianopolitanus Vill.",121,7,2045,"ek"
"Eriophorum gracile Roth",7,26,2024,"ek"
"Falcaria vulgaris Bernh.",113,2,2025,"ek"
"Falcaria vulgaris Bernh.",113,2,2029,"ek"
"Falcaria vulgaris Bernh.",113,2,2037,"ek"
"Falcaria vulgaris Bernh.",113,2,2045,"ek"
"Falcaria vulgaris Bernh.",113,3,2025,"ek"
"Falcaria vulgaris Bernh.",113,3,2029,"ek"
"Falcaria vulgaris Bernh.",113,3,2037,"ek"
"Falcaria vulgaris Bernh.",113,3,2045,"ek"
"Falcaria vulgaris Bernh.",113,4,2025,"ek"
"Falcaria vulgaris Bernh.",113,4,2029,"ek"
"Falcaria vulgaris Bernh.",113,4,2037,"ek"
"Falcaria vulgaris Bernh.",113,4,2045,"ek"
"Filipendula vulgaris Moench",88,11,2024,"ekf"
"Filipendula vulgaris Moench",88,11,2025,"ekf"
"Filipendula vulgaris Moench",88,11,2026,"ekf"
"Filipendula vulgaris Moench",88,11,2027,"ekf"
"Filipendula vulgaris Moench",88,11,2028,"ekf"
"Filipendula vulgaris Moench",88,11,2029,"ekf"
"Filipendula vulgaris Moench",88,11,2030,"ekf"
"Filipendula vulgaris Moench",88,11,2031,"ekf"
"Filipendula vulgaris Moench",88,11,2032,"ekf"
"Filipendula vulgaris Moench",88,11,2033,"ekf"
"Filipendula vulgaris Moench",88,11,2034,"ekf"
"Filipendula vulgaris Moench",88,11,2035,"ekf"
"Filipendula vulgaris Moench",88,11,2036,"ekf"
"Filipendula vulgaris Moench",88,11,2037,"ekf"
"Filipendula vulgaris Moench",88,11,2038,"ekf"
"Filipendula vulgaris Moench",88,11,2039,"ekf"
"Filipendula vulgaris Moench",88,11,2040,"ekf"
"Filipendula vulgaris Moench",88,11,2041,"ekf"
"Filipendula vulgaris Moench",88,11,2042,"ekf"
"Filipendula vulgaris Moench",88,11,2043,"ekf"
"Filipendula vulgaris Moench",88,11,2044,"ekf"
"Filipendula vulgaris Moench",88,11,2045,"ekf"
"Filipendula vulgaris Moench",88,11,2046,"ekf"
"Filipendula vulgaris Moench",88,11,2047,"ekf"
"Filipendula vulgaris Moench",88,12,2024,"ekf"
"Filipendula vulgaris Moench",88,12,2025,"ekf"
"Filipendula vulgaris Moench",88,12,2026,"ekf"
"Filipendula vulgaris Moench",88,12,2027,"ekf"
"Filipendula vulgaris Moench",88,12,2028,"ekf"
"Filipendula vulgaris Moench",88,12,2029,"ekf"
"Filipendula vulgaris Moench",88,12,2030,"ekf"
"Filipendula vulgaris Moench",88,12,2031,"ekf"
"Filipendula vulgaris Moench",88,12,2032,"ekf"
"Filipendula vulgaris Moench",88,12,2033,"ekf"
"Filipendula vulgaris Moench",88,12,2034,"ekf"
"Filipendula vulgaris Moench",88,12,2035,"ekf"
"Filipendula vulgaris Moench",88,12,2036,"ekf"
"Filipendula vulgaris Moench",88,12,2037,"ekf"
"Filipendula vulgaris Moench",88,12,2038,"ekf"
"Filipendula vulgaris Moench",88,12,2039,"ekf"
"Filipendula vulgaris Moench",88,12,2040,"ekf"
"Filipendula vulgaris Moench",88,12,2041,"ekf"
"Filipendula vulgaris Moench",88,12,2042,"ekf"
"Filipendula vulgaris Moench",88,12,2043,"ekf"
"Filipendula vulgaris Moench",88,12,2044,"ekf"
"Filipendula vulgaris Moench",88,12,2045,"ekf"
"Filipendula vulgaris Moench",88,12,2046,"ekf"
"Filipendula vulgaris Moench",88,12,2047,"ekf"
"Filipendula vulgaris Moench",88,13,2024,"ekf"
"Filipendula vulgaris Moench",88,13,2025,"ekf"
"Filipendula vulgaris Moench",88,13,2026,"ekf"
"Filipendula vulgaris Moench",88,13,2027,"ekf"
"Filipendula vulgaris Moench",88,13,2028,"ekf"
"Filipendula vulgaris Moench",88,13,2029,"ekf"
"Filipendula vulgaris Moench",88,13,2030,"ekf"
"Filipendula vulgaris Moench",88,13,2031,"ekf"
"Filipendula vulgaris Moench",88,13,2032,"ekf"
"Filipendula vulgaris Moench",88,13,2033,"ekf"
"Filipendula vulgaris Moench",88,13,2034,"ekf"
"Filipendula vulgaris Moench",88,13,2035,"ekf"
"Filipendula vulgaris Moench",88,13,2036,"ekf"
"Filipendula vulgaris Moench",88,13,2037,"ekf"
"Filipendula vulgaris Moench",88,13,2038,"ekf"
"Filipendula vulgaris Moench",88,13,2039,"ekf"
"Filipendula vulgaris Moench",88,13,2040,"ekf"
"Filipendula vulgaris Moench",88,13,2041,"ekf"
"Filipendula vulgaris Moench",88,13,2042,"ekf"
"Filipendula vulgaris Moench",88,13,2043,"ekf"
"Filipendula vulgaris Moench",88,13,2044,"ekf"
"Filipendula vulgaris Moench",88,13,2045,"ekf"
"Filipendula vulgaris Moench",88,13,2046,"ekf"
"Filipendula vulgaris Moench",88,13,2047,"ekf"
"Gagea pratensis (Pers.) Dumort.",47,1,2024,"ek"
"Gagea pratensis (Pers.) Dumort.",49,1,2025,"ek"
"Gagea pratensis (Pers.) Dumort.",49,1,2027,"ek"
"Gagea pratensis (Pers.) Dumort.",49,1,2029,"ek"
"Gagea pratensis (Pers.) Dumort.",49,1,2031,"ek"
"Gagea pratensis (Pers.) Dumort.",49,1,2033,"ek"
"Gagea pratensis (Pers.) Dumort.",49,1,2035,"ek"
"Gagea pratensis (Pers.) Dumort.",49,1,2037,"ek"
"Gagea pratensis (Pers.) Dumort.",49,1,2039,"ek"
"Gagea pratensis (Pers.) Dumort.",49,1,2041,"ek"
"Gagea pratensis (Pers.) Dumort.",49,1,2043,"ek"
"Gagea pratensis (Pers.) Dumort.",49,1,2045,"ek"
"Gagea pratensis (Pers.) Dumort.",49,1,2047,"ek"
"Gagea pratensis (Pers.) Dumort.",76,76,2024,"ek"
"Gagea pratensis (Pers.) Dumort.",77,77,2025,"ek"
"Gagea pratensis (Pers.) Dumort.",77,77,2027,"ek"
"Gagea pratensis (Pers.) Dumort.",77,77,2029,"ek"
"Gagea pratensis (Pers.) Dumort.",77,77,2031,"ek"
"Gagea pratensis (Pers.) Dumort.",77,77,2033,"ek"
"Gagea pratensis (Pers.) Dumort.",77,77,2035,"ek"
"Gagea pratensis (Pers.) Dumort.",77,77,2037,"ek"
"Gagea pratensis (Pers.) Dumort.",77,77,2039,"ek"
"Gagea pratensis (Pers.) Dumort.",77,77,2041,"ek"
"Gagea pratensis (Pers.) Dumort.",77,77,2043,"ek"
"Gagea pratensis (Pers.) Dumort.",77,77,2045,"ek"
"Gagea pratensis (Pers.) Dumort.",77,77,2047,"ek"
"Gagea villosa (M. Bieb.) Sweet",1,3,2024,"ekf"
"Gagea villosa (M. Bieb.) Sweet",1,3,2025,"ekf"
"Gagea villosa (M. Bieb.) Sweet",1,3,2026,"ekf"
"Gagea villosa (M. Bieb.) Sweet",1,3,2027,"ekf"
"Gagea villosa (M. Bieb.) Sweet",1,3,2028,"ekf"
"Gagea villosa (M. Bieb.) Sweet",1,3,2029,"ekf"
"Gagea villosa (M. Bieb.) Sweet",1,3,2030,"ekf"
"Gagea villosa (M. Bieb.) Sweet",1,3,2031,"ekf"
"Gagea villosa (M. Bieb.) Sweet",1,3,2032,"ekf"
"Gagea villosa (M. Bieb.) Sweet",1,3,2033,"ekf"
"Gagea villosa (M. Bieb.) Sweet",1,3,2034,"ekf"
"Gagea villosa (M. Bieb.) Sweet",1,3,2035,"ekf"
"Gagea villosa (M. Bieb.) Sweet",1,3,2036,"ekf"
"Gagea villosa (M. Bieb.) Sweet",1,3,2037,"ekf"
"Gagea villosa (M. Bieb.) Sweet",1,3,2038,"ekf"
"Gagea villosa (M. Bieb.) Sweet",1,3,2039,"ekf"
"Gagea villosa (M. Bieb.) Sweet",1,3,2040,"ekf"
"Gagea villosa (M. Bieb.) Sweet",1,3,2041,"ekf"
"Gagea villosa (M. Bieb.) Sweet",1,3,2042,"ekf"
"Gagea villosa (M. Bieb.) Sweet",1,3,2043,"ekf"
"Gagea villosa (M. Bieb.) Sweet",1,3,2044,"ekf"
"Gagea villosa (M. Bieb.) Sweet",1,3,2045,"ekf"
"Gagea villosa (M. Bieb.) Sweet",1,3,2046,"ekf"
"Gagea villosa (M. Bieb.) Sweet",1,3,2047,"ekf"
"Gagea villosa (M. Bieb.) Sweet",117,1,2029,"ek"
"Gagea villosa (M. Bieb.) Sweet",117,1,2031,"ek"
"Gagea villosa (M. Bieb.) Sweet",117,1,2035,"ek"
"Gagea villosa (M. Bieb.) Sweet",117,1,2043,"ek"
"Gagea villosa (M. Bieb.) Sweet",118,1,2022,"ek"
"Gagea villosa (M. Bieb.) Sweet",118,1,2026,"ek"
"Gagea villosa (M. Bieb.) Sweet",118,1,2034,"ek"
"Gagea villosa (M. Bieb.) Sweet",118,1,2042,"ek"
"Gagea villosa (M. Bieb.) Sweet",119,1,2022,"ek"
"Gagea villosa (M. Bieb.) Sweet",119,1,2026,"ek"
"Gagea villosa (M. Bieb.) Sweet",119,1,2034,"ek"
"Gagea villosa (M. Bieb.) Sweet",119,1,2042,"ek"
"Galium glaucum L.",4,6,2029,"ek"
"Galium glaucum L.",4,6,2031,"ek"
"Galium glaucum L.",4,6,2035,"ek"
"Galium glaucum L.",4,6,2043,"ek"
"Galium glaucum L.",4,7,2025,"ek"
"Galium glaucum L.",4,7,2029,"ek"
"Galium glaucum L.",4,7,2037,"ek"
"Galium glaucum L.",4,7,2045,"ek"
"Galium glaucum L.",12,1,2025,"ek"
"Galium glaucum L.",12,1,2029,"ek"
"Galium glaucum L.",12,1,2037,"ek"
"Galium glaucum L.",12,1,2045,"ek"
"Gentiana cruciata L.",109,1,2016,"ekf"
"Gentiana cruciata L.",109,1,2018,"ekf"
"Gentiana cruciata L.",109,1,2020,"ekf"
"Gentiana cruciata L.",109,1,2022,"ekf"
"Gentiana cruciata L.",109,1,2024,"ekf"
"Gentiana cruciata L.",109,1,2026,"ekf"
"Gentiana cruciata L.",109,1,2028,"ekf"
"Gentiana cruciata L.",109,1,2030,"ekf"
"Gentiana cruciata L.",109,1,2032,"ekf"
"Gentiana cruciata L.",109,1,2034,"ekf"
"Gentiana cruciata L.",109,1,2036,"ekf"
"Gentiana cruciata L.",109,1,2038,"ekf"
"Gentiana cruciata L.",109,4,2014,"ekf"
"Gentiana cruciata L.",109,4,2016,"ekf"
"Gentiana cruciata L.",109,4,2018,"ekf"
"Gentiana cruciata L.",109,4,2020,"ekf"
"Gentiana cruciata L.",109,4,2022,"ekf"
"Gentiana cruciata L.",109,4,2024,"ekf"
"Gentiana cruciata L.",109,4,2026,"ekf"
"Gentiana cruciata L.",109,4,2028,"ekf"
"Gentiana cruciata L.",109,4,2030,"ekf"
"Gentiana cruciata L.",109,4,2032,"ekf"
"Gentiana cruciata L.",109,4,2034,"ekf"
"Gentiana cruciata L.",109,4,2036,"ekf"
"Gladiolus palustris Gaudin",1,6,2025,"ek"
"Gladiolus palustris Gaudin",1,6,2029,"ek"
"Gladiolus palustris Gaudin",1,6,2037,"ek"
"Gladiolus palustris Gaudin",1,6,2045,"ek"
"Gladiolus palustris Gaudin",14,4,2025,"ek"
"Gladiolus palustris Gaudin",14,4,2029,"ek"
"Gladiolus palustris Gaudin",14,4,2037,"ek"
"Gladiolus palustris Gaudin",14,4,2045,"ek"
"Himantoglossum hircinum (L.) Spreng.",29,2,2024,"ekf"
"Himantoglossum hircinum (L.) Spreng.",29,2,2025,"ekf"
"Himantoglossum hircinum (L.) Spreng.",29,2,2026,"ekf"
"Himantoglossum hircinum (L.) Spreng.",29,2,2027,"ekf"
"Himantoglossum hircinum (L.) Spreng.",29,2,2028,"ekf"
"Himantoglossum hircinum (L.) Spreng.",29,2,2029,"ekf"
"Himantoglossum hircinum (L.) Spreng.",29,2,2030,"ekf"
"Himantoglossum hircinum (L.) Spreng.",29,2,2031,"ekf"
"Himantoglossum hircinum (L.) Spreng.",29,2,2032,"ekf"
"Himantoglossum hircinum (L.) Spreng.",29,2,2033,"ekf"
"Himantoglossum hircinum (L.) Spreng.",29,2,2034,"ekf"
"Himantoglossum hircinum (L.) Spreng.",29,2,2035,"ekf"
"Himantoglossum hircinum (L.) Spreng.",29,2,2036,"ekf"
"Himantoglossum hircinum (L.) Spreng.",29,2,2037,"ekf"
"Himantoglossum hircinum (L.) Spreng.",29,2,2038,"ekf"
"Himantoglossum hircinum (L.) Spreng.",29,2,2039,"ekf"
"Himantoglossum hircinum (L.) Spreng.",29,2,2040,"ekf"
"Himantoglossum hircinum (L.) Spreng.",29,2,2041,"ekf"
"Himantoglossum hircinum (L.) Spreng.",29,2,2042,"ekf"
"Himantoglossum hircinum (L.) Spreng.",29,2,2043,"ekf"
"Himantoglossum hircinum (L.) Spreng.",29,2,2044,"ekf"
"Himantoglossum hircinum (L.) Spreng.",29,2,2045,"ekf"
"Himantoglossum hircinum (L.) Spreng.",29,2,2046,"ekf"
"Himantoglossum hircinum (L.) Spreng.",29,2,2047,"ekf"
"Himantoglossum hircinum (L.) Spreng.",101,4,2022,"ekf"
"Himantoglossum hircinum (L.) Spreng.",101,4,2023,"ekf"
"Himantoglossum hircinum (L.) Spreng.",101,4,2024,"ekf"
"Himantoglossum hircinum (L.) Spreng.",101,4,2025,"ekf"
"Himantoglossum hircinum (L.) Spreng.",101,4,2026,"ekf"
"Himantoglossum hircinum (L.) Spreng.",101,4,2027,"ekf"
"Himantoglossum hircinum (L.) Spreng.",101,4,2028,"ekf"
"Himantoglossum hircinum (L.) Spreng.",101,4,2029,"ekf"
"Himantoglossum hircinum (L.) Spreng.",101,4,2030,"ekf"
"Himantoglossum hircinum (L.) Spreng.",101,4,2031,"ekf"
"Himantoglossum hircinum (L.) Spreng.",101,4,2032,"ekf"
"Himantoglossum hircinum (L.) Spreng.",101,4,2033,"ekf"
"Himantoglossum hircinum (L.) Spreng.",101,4,2034,"ekf"
"Himantoglossum hircinum (L.) Spreng.",101,4,2035,"ekf"
"Himantoglossum hircinum (L.) Spreng.",101,4,2036,"ekf"
"Himantoglossum hircinum (L.) Spreng.",101,4,2037,"ekf"
"Himantoglossum hircinum (L.) Spreng.",101,4,2038,"ekf"
"Himantoglossum hircinum (L.) Spreng.",101,4,2039,"ekf"
"Himantoglossum hircinum (L.) Spreng.",101,4,2040,"ekf"
"Himantoglossum hircinum (L.) Spreng.",101,4,2041,"ekf"
"Himantoglossum hircinum (L.) Spreng.",101,4,2042,"ekf"
"Himantoglossum hircinum (L.) Spreng.",101,4,2043,"ekf"
"Himantoglossum hircinum (L.) Spreng.",101,4,2044,"ekf"
"Himantoglossum hircinum (L.) Spreng.",101,4,2045,"ekf"
"Inula helvetica Weber",71,2,2007,"ek"
"Inula helvetica Weber",71,2,2011,"ek"
"Inula helvetica Weber",71,2,2019,"ek"
"Inula helvetica Weber",71,2,2027,"ek"
"Inula helvetica Weber",79,3,2029,"ek"
"Inula helvetica Weber",79,3,2031,"ek"
"Inula helvetica Weber",79,3,2035,"ek"
"Inula helvetica Weber",79,3,2043,"ek"
"Inula helvetica Weber",79,4,2029,"ek"
"Inula helvetica Weber",79,4,2031,"ek"
"Inula helvetica Weber",79,4,2035,"ek"
"Inula helvetica Weber",79,4,2043,"ek"
"Inula helvetica Weber",79,5,2029,"ek"
"Inula helvetica Weber",79,5,2031,"ek"
"Inula helvetica Weber",79,5,2035,"ek"
"Inula helvetica Weber",79,5,2043,"ek"
"Inula helvetica Weber",79,6,2029,"ek"
"Inula helvetica Weber",79,6,2031,"ek"
"Inula helvetica Weber",79,6,2035,"ek"
"Inula helvetica Weber",79,6,2043,"ek"
"Inula helvetica Weber",92,1,2025,"ek"
"Inula helvetica Weber",92,1,2029,"ek"
"Inula helvetica Weber",92,1,2037,"ek"
"Inula helvetica Weber",92,1,2045,"ek"
"Inula helvetica Weber",102,2,2029,"ek"
"Inula helvetica Weber",102,2,2031,"ek"
"Inula helvetica Weber",102,2,2035,"ek"
"Inula helvetica Weber",102,2,2043,"ek"
"Inula hirta L.",11,13,2025,"ek"
"Inula hirta L.",11,13,2029,"ek"
"Inula hirta L.",11,13,2037,"ek"
"Inula hirta L.",11,13,2045,"ek"
"Inula hirta L.",11,14,2025,"ek"
"Inula hirta L.",11,14,2029,"ek"
"Inula hirta L.",11,14,2037,"ek"
"Inula hirta L.",11,14,2045,"ek"
"Liparis loeselii (L.) Rich.",3,2,2025,"ek"
"Liparis loeselii (L.) Rich.",3,2,2027,"ek"
"Liparis loeselii (L.) Rich.",3,2,2029,"ek"
"Liparis loeselii (L.) Rich.",3,2,2031,"ek"
"Liparis loeselii (L.) Rich.",3,2,2033,"ek"
"Liparis loeselii (L.) Rich.",3,2,2035,"ek"
"Liparis loeselii (L.) Rich.",3,2,2037,"ek"
"Liparis loeselii (L.) Rich.",3,2,2039,"ek"
"Liparis loeselii (L.) Rich.",3,2,2041,"ek"
"Liparis loeselii (L.) Rich.",3,2,2043,"ek"
"Liparis loeselii (L.) Rich.",3,2,2045,"ek"
"Liparis loeselii (L.) Rich.",3,2,2047,"ek"
"Liparis loeselii (L.) Rich.",59,4,2027,"ek"
"Liparis loeselii (L.) Rich.",59,4,2031,"ek"
"Liparis loeselii (L.) Rich.",59,4,2035,"ek"
"Liparis loeselii (L.) Rich.",59,4,2039,"ek"
"Liparis loeselii (L.) Rich.",59,4,2043,"ek"
"Liparis loeselii (L.) Rich.",59,4,2047,"ek"
"Liparis loeselii (L.) Rich.",71,4,2025,"ek"
"Liparis loeselii (L.) Rich.",71,4,2027,"ek"
"Liparis loeselii (L.) Rich.",71,4,2029,"ek"
"Liparis loeselii (L.) Rich.",71,4,2031,"ek"
"Liparis loeselii (L.) Rich.",71,4,2033,"ek"
"Liparis loeselii (L.) Rich.",71,4,2035,"ek"
"Liparis loeselii (L.) Rich.",71,4,2037,"ek"
"Liparis loeselii (L.) Rich.",71,4,2039,"ek"
"Liparis loeselii (L.) Rich.",71,4,2041,"ek"
"Liparis loeselii (L.) Rich.",71,4,2043,"ek"
"Liparis loeselii (L.) Rich.",71,4,2045,"ek"
"Liparis loeselii (L.) Rich.",71,4,2047,"ek"
"Liparis loeselii (L.) Rich.",82,2,2027,"ek"
"Liparis loeselii (L.) Rich.",82,2,2031,"ek"
"Liparis loeselii (L.) Rich.",82,2,2035,"ek"
"Liparis loeselii (L.) Rich.",82,2,2039,"ek"
"Liparis loeselii (L.) Rich.",82,2,2043,"ek"
"Liparis loeselii (L.) Rich.",82,2,2047,"ek"
"Liparis loeselii (L.) Rich.",92,2,2025,"ek"
"Liparis loeselii (L.) Rich.",92,2,2027,"ek"
"Liparis loeselii (L.) Rich.",92,2,2029,"ek"
"Liparis loeselii (L.) Rich.",92,2,2031,"ek"
"Liparis loeselii (L.) Rich.",92,2,2033,"ek"
"Liparis loeselii (L.) Rich.",92,2,2035,"ek"
"Liparis loeselii (L.) Rich.",92,2,2037,"ek"
"Liparis loeselii (L.) Rich.",92,2,2039,"ek"
"Liparis loeselii (L.) Rich.",92,2,2041,"ek"
"Liparis loeselii (L.) Rich.",92,2,2043,"ek"
"Liparis loeselii (L.) Rich.",92,2,2045,"ek"
"Liparis loeselii (L.) Rich.",92,2,2047,"ek"
"Liparis loeselii (L.) Rich.",102,1,2025,"ek"
"Liparis loeselii (L.) Rich.",102,1,2027,"ek"
"Liparis loeselii (L.) Rich.",102,1,2029,"ek"
"Liparis loeselii (L.) Rich.",102,1,2031,"ek"
"Liparis loeselii (L.) Rich.",102,1,2033,"ek"
"Liparis loeselii (L.) Rich.",102,1,2035,"ek"
"Liparis loeselii (L.) Rich.",102,1,2037,"ek"
"Liparis loeselii (L.) Rich.",102,1,2039,"ek"
"Liparis loeselii (L.) Rich.",102,1,2041,"ek"
"Liparis loeselii (L.) Rich.",102,1,2043,"ek"
"Liparis loeselii (L.) Rich.",102,1,2045,"ek"
"Liparis loeselii (L.) Rich.",102,1,2047,"ek"
"Liparis loeselii (L.) Rich.",102,2,2025,"ek"
"Liparis loeselii (L.) Rich.",102,2,2027,"ek"
"Liparis loeselii (L.) Rich.",102,2,2029,"ek"
"Liparis loeselii (L.) Rich.",102,2,2031,"ek"
"Liparis loeselii (L.) Rich.",102,2,2033,"ek"
"Liparis loeselii (L.) Rich.",102,2,2035,"ek"
"Liparis loeselii (L.) Rich.",102,2,2037,"ek"
"Liparis loeselii (L.) Rich.",102,2,2039,"ek"
"Liparis loeselii (L.) Rich.",102,2,2041,"ek"
"Liparis loeselii (L.) Rich.",102,2,2043,"ek"
"Liparis loeselii (L.) Rich.",102,2,2045,"ek"
"Liparis loeselii (L.) Rich.",102,2,2047,"ek"
"Liparis loeselii (L.) Rich.",102,3,2027,"ek"
"Liparis loeselii (L.) Rich.",102,3,2031,"ek"
"Liparis loeselii (L.) Rich.",102,3,2035,"ek"
"Liparis loeselii (L.) Rich.",102,3,2039,"ek"
"Liparis loeselii (L.) Rich.",102,3,2043,"ek"
"Liparis loeselii (L.) Rich.",102,3,2047,"ek"
"Liparis loeselii (L.) Rich.",103,1,2025,"ek"
"Liparis loeselii (L.) Rich.",103,1,2027,"ek"
"Liparis loeselii (L.) Rich.",103,1,2029,"ek"
"Liparis loeselii (L.) Rich.",103,1,2031,"ek"
"Liparis loeselii (L.) Rich.",103,1,2033,"ek"
"Liparis loeselii (L.) Rich.",103,1,2035,"ek"
"Liparis loeselii (L.) Rich.",103,1,2037,"ek"
"Liparis loeselii (L.) Rich.",103,1,2039,"ek"
"Liparis loeselii (L.) Rich.",103,1,2041,"ek"
"Liparis loeselii (L.) Rich.",103,1,2043,"ek"
"Liparis loeselii (L.) Rich.",103,1,2045,"ek"
"Liparis loeselii (L.) Rich.",103,1,2047,"ek"
"Littorella uniflora (L.) Asch.",1,1,2031,"ek"
"Littorella uniflora (L.) Asch.",1,1,2039,"ek"
"Littorella uniflora (L.) Asch.",1,1,2047,"ek"
"Littorella uniflora (L.) Asch.",1,2,2031,"ek"
"Littorella uniflora (L.) Asch.",1,2,2039,"ek"
"Littorella uniflora (L.) Asch.",1,2,2047,"ek"
"Littorella uniflora (L.) Asch.",1,3,2031,"ek"
"Littorella uniflora (L.) Asch.",1,3,2039,"ek"
"Littorella uniflora (L.) Asch.",1,3,2047,"ek"
"Littorella uniflora (L.) Asch.",1,4,2031,"ek"
"Littorella uniflora (L.) Asch.",1,4,2039,"ek"
"Littorella uniflora (L.) Asch.",1,4,2047,"ek"
"Littorella uniflora (L.) Asch.",1,5,2027,"ek"
"Littorella uniflora (L.) Asch.",1,5,2031,"ek"
"Littorella uniflora (L.) Asch.",1,5,2035,"ek"
"Littorella uniflora (L.) Asch.",1,5,2039,"ek"
"Littorella uniflora (L.) Asch.",1,5,2043,"ek"
"Littorella uniflora (L.) Asch.",1,5,2047,"ek"
"Littorella uniflora (L.) Asch.",1,6,2031,"ek"
"Littorella uniflora (L.) Asch.",1,6,2039,"ek"
"Littorella uniflora (L.) Asch.",1,6,2047,"ek"
"Nitella confervacea (Bréb.) Leonh.",1,3,2024,"ek"
"Nitella hyalina (DC.) C. Agardh",14,1,2025,"ek"
"Nitella hyalina (DC.) C. Agardh",14,1,2029,"ek"
"Nitella hyalina (DC.) C. Agardh",14,1,2037,"ek"
"Nitella hyalina (DC.) C. Agardh",14,1,2045,"ek"
"Nitella hyalina (DC.) C. Agardh",15,1,2025,"ek"
"Nitella hyalina (DC.) C. Agardh",15,1,2029,"ek"
"Nitella hyalina (DC.) C. Agardh",15,1,2037,"ek"
"Nitella hyalina (DC.) C. Agardh",15,1,2045,"ek"
"Nitella hyalina (DC.) C. Agardh",16,1,2025,"ek"
"Nitella hyalina (DC.) C. Agardh",16,1,2029,"ek"
"Nitella hyalina (DC.) C. Agardh",16,1,2037,"ek"
"Nitella hyalina (DC.) C. Agardh",16,1,2045,"ek"
"Nitella hyalina (DC.) C. Agardh",17,1,2025,"ek"
"Nitella hyalina (DC.) C. Agardh",17,1,2029,"ek"
"Nitella hyalina (DC.) C. Agardh",17,1,2037,"ek"
"Nitella hyalina (DC.) C. Agardh",17,1,2045,"ek"
"Nitella tenuissima (Desv.) Kütz.",4,1,2025,"ek"
"Nitella tenuissima (Desv.) Kütz.",4,1,2029,"ek"
"Nitella tenuissima (Desv.) Kütz.",4,1,2037,"ek"
"Nitella tenuissima (Desv.) Kütz.",4,1,2045,"ek"
"Nuphar pumila (Timm) DC.",26,4,2025,"ek"
"Nuphar pumila (Timm) DC.",26,4,2029,"ek"
"Nuphar pumila (Timm) DC.",26,4,2037,"ek"
"Nuphar pumila (Timm) DC.",26,4,2045,"ek"
"Oenanthe aquatica (L.) Poir.",3,103,2029,"ek"
"Oenanthe aquatica (L.) Poir.",3,103,2031,"ek"
"Oenanthe aquatica (L.) Poir.",3,103,2035,"ek"
"Oenanthe aquatica (L.) Poir.",3,103,2043,"ek"
"Oenanthe aquatica (L.) Poir.",3,104,2029,"ek"
"Oenanthe aquatica (L.) Poir.",3,104,2031,"ek"
"Oenanthe aquatica (L.) Poir.",3,104,2035,"ek"
"Oenanthe aquatica (L.) Poir.",3,104,2043,"ek"
"Oenanthe aquatica (L.) Poir.",3,105,2029,"ek"
"Oenanthe aquatica (L.) Poir.",3,105,2031,"ek"
"Oenanthe aquatica (L.) Poir.",3,105,2035,"ek"
"Oenanthe aquatica (L.) Poir.",3,105,2043,"ek"
"Oenanthe aquatica (L.) Poir.",4,4,2029,"ek"
"Oenanthe aquatica (L.) Poir.",4,4,2031,"ek"
"Oenanthe aquatica (L.) Poir.",4,4,2035,"ek"
"Oenanthe aquatica (L.) Poir.",4,4,2043,"ek"
"Oenanthe aquatica (L.) Poir.",6,1,2025,"ek"
"Oenanthe aquatica (L.) Poir.",6,1,2027,"ek"
"Oenanthe aquatica (L.) Poir.",6,1,2029,"ek"
"Oenanthe aquatica (L.) Poir.",6,1,2031,"ek"
"Oenanthe aquatica (L.) Poir.",6,1,2033,"ek"
"Oenanthe aquatica (L.) Poir.",6,1,2035,"ek"
"Oenanthe aquatica (L.) Poir.",6,1,2037,"ek"
"Oenanthe aquatica (L.) Poir.",6,1,2039,"ek"
"Oenanthe aquatica (L.) Poir.",6,1,2041,"ek"
"Oenanthe aquatica (L.) Poir.",6,1,2043,"ek"
"Oenanthe aquatica (L.) Poir.",6,1,2045,"ek"
"Oenanthe aquatica (L.) Poir.",6,1,2047,"ek"
"Oenanthe aquatica (L.) Poir.",6,2,2029,"ek"
"Oenanthe aquatica (L.) Poir.",6,2,2031,"ek"
"Oenanthe aquatica (L.) Poir.",6,2,2035,"ek"
"Oenanthe aquatica (L.) Poir.",6,2,2043,"ek"
"Oenanthe aquatica (L.) Poir.",103,1,2029,"ek"
"Oenanthe aquatica (L.) Poir.",103,1,2031,"ek"
"Oenanthe aquatica (L.) Poir.",103,1,2035,"ek"
"Oenanthe aquatica (L.) Poir.",103,1,2043,"ek"
"Oenanthe aquatica (L.) Poir.",103,2,2029,"ek"
"Oenanthe aquatica (L.) Poir.",103,2,2031,"ek"
"Oenanthe aquatica (L.) Poir.",103,2,2035,"ek"
"Oenanthe aquatica (L.) Poir.",103,2,2043,"ek"
"Oenanthe aquatica (L.) Poir.",104,1,2029,"ek"
"Oenanthe aquatica (L.) Poir.",104,1,2031,"ek"
"Oenanthe aquatica (L.) Poir.",104,1,2035,"ek"
"Oenanthe aquatica (L.) Poir.",104,1,2043,"ek"
"Oenanthe aquatica (L.) Poir.",104,2,2029,"ek"
"Oenanthe aquatica (L.) Poir.",104,2,2031,"ek"
"Oenanthe aquatica (L.) Poir.",104,2,2035,"ek"
"Oenanthe aquatica (L.) Poir.",104,2,2043,"ek"
"Oenanthe aquatica (L.) Poir.",105,1,2029,"ek"
"Oenanthe aquatica (L.) Poir.",105,1,2031,"ek"
"Oenanthe aquatica (L.) Poir.",105,1,2035,"ek"
"Oenanthe aquatica (L.) Poir.",105,1,2043,"ek"
"Oenanthe aquatica (L.) Poir.",106,1,2029,"ek"
"Oenanthe aquatica (L.) Poir.",106,1,2031,"ek"
"Oenanthe aquatica (L.) Poir.",106,1,2035,"ek"
"Oenanthe aquatica (L.) Poir.",106,1,2043,"ek"
"Oenanthe aquatica (L.) Poir.",107,1,2029,"ek"
"Oenanthe aquatica (L.) Poir.",107,1,2031,"ek"
"Oenanthe aquatica (L.) Poir.",107,1,2035,"ek"
"Oenanthe aquatica (L.) Poir.",107,1,2043,"ek"
"Oenanthe aquatica (L.) Poir.",107,2,2029,"ek"
"Oenanthe aquatica (L.) Poir.",107,2,2031,"ek"
"Oenanthe aquatica (L.) Poir.",107,2,2035,"ek"
"Oenanthe aquatica (L.) Poir.",107,2,2043,"ek"
"Oenanthe aquatica (L.) Poir.",108,1,2029,"ek"
"Oenanthe aquatica (L.) Poir.",108,1,2031,"ek"
"Oenanthe aquatica (L.) Poir.",108,1,2035,"ek"
"Oenanthe aquatica (L.) Poir.",108,1,2043,"ek"
"Oenanthe aquatica (L.) Poir.",109,1,2029,"ek"
"Oenanthe aquatica (L.) Poir.",109,1,2031,"ek"
"Oenanthe aquatica (L.) Poir.",109,1,2035,"ek"
"Oenanthe aquatica (L.) Poir.",109,1,2043,"ek"
"Ophrys araneola Rchb.",100,7,2021,"ek"
"Ophrys araneola Rchb.",100,7,2025,"ek"
"Ophrys araneola Rchb.",100,7,2033,"ek"
"Ophrys araneola Rchb.",100,7,2041,"ek"
"Ophrys araneola Rchb.",148,4,2025,"ek"
"Ophrys araneola Rchb.",148,4,2029,"ek"
"Ophrys araneola Rchb.",148,4,2037,"ek"
"Ophrys araneola Rchb.",148,4,2045,"ek"
"Ophrys araneola Rchb.",160,6,2029,"ek"
"Ophrys araneola Rchb.",160,6,2031,"ek"
"Ophrys araneola Rchb.",160,6,2035,"ek"
"Ophrys araneola Rchb.",160,6,2043,"ek"
"Ophrys araneola Rchb.",160,7,2029,"ek"
"Ophrys araneola Rchb.",160,7,2031,"ek"
"Ophrys araneola Rchb.",160,7,2035,"ek"
"Ophrys araneola Rchb.",160,7,2043,"ek"
"Ophrys araneola Rchb.",161,1,2029,"ek"
"Ophrys araneola Rchb.",161,1,2031,"ek"
"Ophrys araneola Rchb.",161,1,2035,"ek"
"Ophrys araneola Rchb.",161,1,2043,"ek"
"Orchis pallens L.",119,1,2026,"ek"
"Orchis pallens L.",119,1,2028,"ek"
"Orchis pallens L.",119,1,2032,"ek"
"Orchis pallens L.",119,1,2040,"ek"
"Orchis pallens L.",120,1,2028,"ek"
"Orchis pallens L.",120,1,2030,"ek"
"Orchis pallens L.",120,1,2034,"ek"
"Orchis pallens L.",120,1,2042,"ek"
"Orchis pallens L.",121,1,2026,"ek"
"Orchis pallens L.",121,1,2028,"ek"
"Orchis pallens L.",121,1,2032,"ek"
"Orchis pallens L.",121,1,2040,"ek"
"Orchis pallens L.",122,1,2026,"ek"
"Orchis pallens L.",122,1,2028,"ek"
"Orchis pallens L.",122,1,2032,"ek"
"Orchis pallens L.",122,1,2040,"ek"
"Orchis palustris Jacq.",74,6,2029,"ek"
"Orchis palustris Jacq.",74,6,2031,"ek"
"Orchis palustris Jacq.",74,6,2035,"ek"
"Orchis palustris Jacq.",74,6,2043,"ek"
"Orchis palustris Jacq.",85,5,2029,"ek"
"Orchis palustris Jacq.",85,5,2031,"ek"
"Orchis palustris Jacq.",85,5,2035,"ek"
"Orchis palustris Jacq.",85,5,2043,"ek"
"Orchis palustris Jacq.",97,1,2028,"ek"
"Orchis palustris Jacq.",97,1,2030,"ek"
"Orchis palustris Jacq.",97,1,2034,"ek"
"Orchis palustris Jacq.",97,1,2042,"ek"
"Orchis palustris Jacq.",97,2,2028,"ek"
"Orchis palustris Jacq.",97,2,2030,"ek"
"Orchis palustris Jacq.",97,2,2034,"ek"
"Orchis palustris Jacq.",97,2,2042,"ek"
"Orobanche alsatica Kirschl. subsp. alsatica",103,1,2029,"ek"
"Orobanche alsatica Kirschl. subsp. alsatica",103,1,2031,"ek"
"Orobanche alsatica Kirschl. subsp. alsatica",103,1,2035,"ek"
"Orobanche alsatica Kirschl. subsp. alsatica",103,1,2043,"ek"
"Orobanche alsatica Kirschl. subsp. alsatica",116,1,2029,"ek"
"Orobanche alsatica Kirschl. subsp. alsatica",116,1,2031,"ek"
"Orobanche alsatica Kirschl. subsp. alsatica",116,1,2035,"ek"
"Orobanche alsatica Kirschl. subsp. alsatica",116,1,2043,"ek"
"Orobanche alsatica Kirschl. subsp. alsatica",116,2,2029,"ek"
"Orobanche alsatica Kirschl. subsp. alsatica",116,2,2031,"ek"
"Orobanche alsatica Kirschl. subsp. alsatica",116,2,2035,"ek"
"Orobanche alsatica Kirschl. subsp. alsatica",116,2,2043,"ek"
"Orobanche alsatica Kirschl. subsp. alsatica",116,3,2029,"ek"
"Orobanche alsatica Kirschl. subsp. alsatica",116,3,2031,"ek"
"Orobanche alsatica Kirschl. subsp. alsatica",116,3,2035,"ek"
"Orobanche alsatica Kirschl. subsp. alsatica",116,3,2043,"ek"
"Orobanche alsatica Kirschl. subsp. alsatica",150,3,2029,"ek"
"Orobanche alsatica Kirschl. subsp. alsatica",150,3,2031,"ek"
"Orobanche alsatica Kirschl. subsp. alsatica",150,3,2035,"ek"
"Orobanche alsatica Kirschl. subsp. alsatica",150,3,2043,"ek"
"Orobanche alsatica Kirschl. subsp. alsatica",150,4,2029,"ek"
"Orobanche alsatica Kirschl. subsp. alsatica",150,4,2031,"ek"
"Orobanche alsatica Kirschl. subsp. alsatica",150,4,2035,"ek"
"Orobanche alsatica Kirschl. subsp. alsatica",150,4,2043,"ek"
"Orobanche alsatica Kirschl. subsp. alsatica",165,1,2029,"ek"
"Orobanche alsatica Kirschl. subsp. alsatica",165,1,2031,"ek"
"Orobanche alsatica Kirschl. subsp. alsatica",165,1,2035,"ek"
"Orobanche alsatica Kirschl. subsp. alsatica",165,1,2043,"ek"
"Orobanche gracilis Sm.",124,1,2029,"ek"
"Orobanche gracilis Sm.",124,1,2031,"ek"
"Orobanche gracilis Sm.",124,1,2035,"ek"
"Orobanche gracilis Sm.",124,1,2043,"ek"
"Orobanche gracilis Sm.",134,3,2029,"ek"
"Orobanche gracilis Sm.",134,3,2031,"ek"
"Orobanche gracilis Sm.",134,3,2035,"ek"
"Orobanche gracilis Sm.",134,3,2043,"ek"
"Orobanche gracilis Sm.",139,2,2029,"ek"
"Orobanche gracilis Sm.",139,2,2031,"ek"
"Orobanche gracilis Sm.",139,2,2035,"ek"
"Orobanche gracilis Sm.",139,2,2043,"ek"
"Orobanche gracilis Sm.",139,3,2029,"ek"
"Orobanche gracilis Sm.",139,3,2031,"ek"
"Orobanche gracilis Sm.",139,3,2035,"ek"
"Orobanche gracilis Sm.",139,3,2043,"ek"
"Orobanche gracilis Sm.",166,1,2029,"ek"
"Orobanche gracilis Sm.",166,1,2031,"ek"
"Orobanche gracilis Sm.",166,1,2035,"ek"
"Orobanche gracilis Sm.",166,1,2043,"ek"
"Orobanche gracilis Sm.",167,1,2029,"ek"
"Orobanche gracilis Sm.",167,1,2031,"ek"
"Orobanche gracilis Sm.",167,1,2035,"ek"
"Orobanche gracilis Sm.",167,1,2043,"ek"
"Orobanche gracilis Sm.",170,2,2029,"ek"
"Orobanche gracilis Sm.",170,2,2031,"ek"
"Orobanche gracilis Sm.",170,2,2035,"ek"
"Orobanche gracilis Sm.",170,2,2043,"ek"
"Orobanche gracilis Sm.",170,3,2029,"ek"
"Orobanche gracilis Sm.",170,3,2031,"ek"
"Orobanche gracilis Sm.",170,3,2035,"ek"
"Orobanche gracilis Sm.",170,3,2043,"ek"
"Orobanche lutea Baumg.",134,7,2029,"ek"
"Orobanche lutea Baumg.",134,7,2031,"ek"
"Orobanche lutea Baumg.",134,7,2035,"ek"
"Orobanche lutea Baumg.",134,7,2043,"ek"
"Orobanche purpurea Jacq.",110,2,2018,"ek"
"Orobanche purpurea Jacq.",110,2,2022,"ek"
"Orobanche purpurea Jacq.",110,2,2030,"ek"
"Orobanche purpurea Jacq.",110,2,2038,"ek"
"Orobanche purpurea Jacq.",135,10,2029,"ek"
"Orobanche purpurea Jacq.",135,10,2031,"ek"
"Orobanche purpurea Jacq.",135,10,2035,"ek"
"Orobanche purpurea Jacq.",135,10,2043,"ek"
"Orobanche purpurea Jacq.",170,2,2029,"ek"
"Orobanche purpurea Jacq.",170,2,2031,"ek"
"Orobanche purpurea Jacq.",170,2,2035,"ek"
"Orobanche purpurea Jacq.",170,2,2043,"ek"
"Orobanche purpurea Jacq.",185,1,2029,"ek"
"Orobanche purpurea Jacq.",185,1,2031,"ek"
"Orobanche purpurea Jacq.",185,1,2035,"ek"
"Orobanche purpurea Jacq.",185,1,2043,"ek"
"Orobanche purpurea Jacq.",186,1,2029,"ek"
"Orobanche purpurea Jacq.",186,1,2031,"ek"
"Orobanche purpurea Jacq.",186,1,2035,"ek"
"Orobanche purpurea Jacq.",186,1,2043,"ek"
"Orobanche purpurea Jacq.",197,1,2029,"ek"
"Orobanche purpurea Jacq.",197,1,2031,"ek"
"Orobanche purpurea Jacq.",197,1,2035,"ek"
"Orobanche purpurea Jacq.",197,1,2043,"ek"
"Potamogeton coloratus Hornem.",23,9,2025,"ek"
"Potamogeton coloratus Hornem.",23,9,2029,"ek"
"Potamogeton coloratus Hornem.",23,9,2037,"ek"
"Potamogeton coloratus Hornem.",23,9,2045,"ek"
"Potamogeton coloratus Hornem.",23,10,2025,"ek"
"Potamogeton coloratus Hornem.",23,10,2029,"ek"
"Potamogeton coloratus Hornem.",23,10,2037,"ek"
"Potamogeton coloratus Hornem.",23,10,2045,"ek"
"Potamogeton coloratus Hornem.",23,11,2025,"ek"
"Potamogeton coloratus Hornem.",23,11,2029,"ek"
"Potamogeton coloratus Hornem.",23,11,2037,"ek"
"Potamogeton coloratus Hornem.",23,11,2045,"ek"
"Potamogeton coloratus Hornem.",135,1,2024,"ek"
"Potamogeton coloratus Hornem.",135,1,2028,"ek"
"Potamogeton coloratus Hornem.",135,1,2036,"ek"
"Potamogeton coloratus Hornem.",135,1,2044,"ek"
"Potentilla alba L.",39,1,2025,"ek"
"Potentilla alba L.",39,1,2029,"ek"
"Potentilla alba L.",39,1,2037,"ek"
"Potentilla alba L.",39,1,2045,"ek"
"Potentilla inclinata Vill.",129,7,2025,"ek"
"Potentilla inclinata Vill.",129,7,2029,"ek"
"Potentilla inclinata Vill.",129,7,2037,"ek"
"Potentilla inclinata Vill.",129,7,2045,"ek"
"Potentilla inclinata Vill.",142,4,2025,"ek"
"Potentilla inclinata Vill.",142,4,2029,"ek"
"Potentilla inclinata Vill.",142,4,2037,"ek"
"Potentilla inclinata Vill.",142,4,2045,"ek"
"Potentilla inclinata Vill.",142,5,2025,"ek"
"Potentilla inclinata Vill.",142,5,2029,"ek"
"Potentilla inclinata Vill.",142,5,2037,"ek"
"Potentilla inclinata Vill.",142,5,2045,"ek"
"Potentilla inclinata Vill.",155,1,2029,"ek"
"Potentilla inclinata Vill.",155,1,2031,"ek"
"Potentilla inclinata Vill.",155,1,2035,"ek"
"Potentilla inclinata Vill.",155,1,2043,"ek"
"Potentilla inclinata Vill.",156,1,2029,"ek"
"Potentilla inclinata Vill.",156,1,2031,"ek"
"Potentilla inclinata Vill.",156,1,2035,"ek"
"Potentilla inclinata Vill.",156,1,2043,"ek"
"Potentilla inclinata Vill.",157,1,2029,"ek"
"Potentilla inclinata Vill.",157,1,2031,"ek"
"Potentilla inclinata Vill.",157,1,2035,"ek"
"Potentilla inclinata Vill.",157,1,2043,"ek"
"Potentilla inclinata Vill.",157,2,2029,"ek"
"Potentilla inclinata Vill.",157,2,2031,"ek"
"Potentilla inclinata Vill.",157,2,2035,"ek"
"Potentilla inclinata Vill.",157,2,2043,"ek"
"Potentilla inclinata Vill.",157,3,2029,"ek"
"Potentilla inclinata Vill.",157,3,2031,"ek"
"Potentilla inclinata Vill.",157,3,2035,"ek"
"Potentilla inclinata Vill.",157,3,2043,"ek"
"Potentilla inclinata Vill.",157,4,2029,"ek"
"Potentilla inclinata Vill.",157,4,2031,"ek"
"Potentilla inclinata Vill.",157,4,2035,"ek"
"Potentilla inclinata Vill.",157,4,2043,"ek"
"Potentilla inclinata Vill.",157,5,2029,"ek"
"Potentilla inclinata Vill.",157,5,2031,"ek"
"Potentilla inclinata Vill.",157,5,2035,"ek"
"Potentilla inclinata Vill.",157,5,2043,"ek"
"Potentilla leucopolitana P. J. Müll.",15,6,2025,"ek"
"Potentilla leucopolitana P. J. Müll.",15,6,2029,"ek"
"Potentilla leucopolitana P. J. Müll.",15,6,2037,"ek"
"Potentilla leucopolitana P. J. Müll.",15,6,2045,"ek"
"Potentilla leucopolitana P. J. Müll.",28,1,2025,"ek"
"Potentilla leucopolitana P. J. Müll.",28,1,2029,"ek"
"Potentilla leucopolitana P. J. Müll.",28,1,2037,"ek"
"Potentilla leucopolitana P. J. Müll.",28,1,2045,"ek"
"Potentilla praecox F. W. Schultz",21,2,2025,"ek"
"Potentilla praecox F. W. Schultz",21,2,2029,"ek"
"Potentilla praecox F. W. Schultz",21,2,2037,"ek"
"Potentilla praecox F. W. Schultz",21,2,2045,"ek"
"Potentilla praecox F. W. Schultz",25,1,2025,"ek"
"Potentilla praecox F. W. Schultz",25,1,2029,"ek"
"Potentilla praecox F. W. Schultz",25,1,2037,"ek"
"Potentilla praecox F. W. Schultz",25,1,2045,"ek"
"Pyrola chlorantha Sw.",1,8,2025,"ek"
"Pyrola chlorantha Sw.",1,8,2027,"ek"
"Pyrola chlorantha Sw.",1,8,2029,"ek"
"Pyrola chlorantha Sw.",1,8,2031,"ek"
"Pyrola chlorantha Sw.",1,8,2033,"ek"
"Pyrola chlorantha Sw.",1,8,2035,"ek"
"Pyrola chlorantha Sw.",1,8,2037,"ek"
"Pyrola chlorantha Sw.",1,8,2039,"ek"
"Pyrola chlorantha Sw.",1,8,2041,"ek"
"Pyrola chlorantha Sw.",1,8,2043,"ek"
"Pyrola chlorantha Sw.",1,8,2045,"ek"
"Pyrola chlorantha Sw.",1,8,2047,"ek"
"Ranunculus reptans L.",3,1,2006,"ek"
"Ranunculus reptans L.",3,1,2010,"ek"
"Ranunculus reptans L.",3,1,2018,"ek"
"Ranunculus reptans L.",3,1,2026,"ek"
"Ranunculus reptans L.",4,2,2011,"ek"
"Ranunculus reptans L.",4,2,2015,"ek"
"Ranunculus reptans L.",4,2,2023,"ek"
"Ranunculus reptans L.",4,2,2031,"ek"
"Ranunculus reptans L.",4,3,2016,"ek"
"Ranunculus reptans L.",4,3,2020,"ek"
"Ranunculus reptans L.",4,3,2028,"ek"
"Ranunculus reptans L.",4,3,2036,"ek"
"Ranunculus reptans L.",5,1,2010,"ek"
"Ranunculus reptans L.",5,1,2014,"ek"
"Ranunculus reptans L.",5,1,2022,"ek"
"Ranunculus reptans L.",5,1,2030,"ek"
"Ranunculus reptans L.",5,2,2014,"ek"
"Ranunculus reptans L.",5,2,2018,"ek"
"Ranunculus reptans L.",5,2,2026,"ek"
"Ranunculus reptans L.",5,2,2034,"ek"
"Ranunculus reptans L.",8,1,2017,"ek"
"Ranunculus reptans L.",8,1,2021,"ek"
"Ranunculus reptans L.",8,1,2029,"ek"
"Ranunculus reptans L.",8,1,2037,"ek"
"Ranunculus reptans L.",9,1,2013,"ek"
"Ranunculus reptans L.",9,1,2017,"ek"
"Ranunculus reptans L.",9,1,2025,"ek"
"Ranunculus reptans L.",9,1,2033,"ek"
"Ranunculus reptans L.",10,1,2018,"ek"
"Ranunculus reptans L.",10,1,2022,"ek"
"Ranunculus reptans L.",10,1,2030,"ek"
"Ranunculus reptans L.",10,1,2038,"ek"
"Ranunculus reptans L.",10,2,2018,"ek"
"Ranunculus reptans L.",10,2,2022,"ek"
"Ranunculus reptans L.",10,2,2030,"ek"
"Ranunculus reptans L.",10,2,2038,"ek"
"Rhynchospora fusca (L.) W. T. Aiton",13,6,2026,"ek"
"Rhynchospora fusca (L.) W. T. Aiton",13,6,2030,"ek"
"Rhynchospora fusca (L.) W. T. Aiton",13,6,2034,"ek"
"Rhynchospora fusca (L.) W. T. Aiton",13,6,2038,"ek"
"Rhynchospora fusca (L.) W. T. Aiton",13,6,2042,"ek"
"Rhynchospora fusca (L.) W. T. Aiton",13,6,2046,"ek"
"Rhynchospora fusca (L.) W. T. Aiton",15,44,2023,"ek"
"Rhynchospora fusca (L.) W. T. Aiton",15,55,2031,"ek"
"Rhynchospora fusca (L.) W. T. Aiton",15,55,2039,"ek"
"Rhynchospora fusca (L.) W. T. Aiton",15,55,2047,"ek"
"Rhynchospora fusca (L.) W. T. Aiton",15,56,2027,"ek"
"Rhynchospora fusca (L.) W. T. Aiton",15,56,2031,"ek"
"Rhynchospora fusca (L.) W. T. Aiton",15,56,2035,"ek"
"Rhynchospora fusca (L.) W. T. Aiton",15,56,2039,"ek"
"Rhynchospora fusca (L.) W. T. Aiton",15,56,2043,"ek"
"Rhynchospora fusca (L.) W. T. Aiton",15,56,2047,"ek"
"Rosa gallica L.",158,4,2025,"ek"
"Rosa gallica L.",158,4,2029,"ek"
"Rosa gallica L.",158,4,2037,"ek"
"Rosa gallica L.",158,4,2045,"ek"
"Rosa gallica L.",158,5,2025,"ek"
"Rosa gallica L.",158,5,2029,"ek"
"Rosa gallica L.",158,5,2037,"ek"
"Rosa gallica L.",158,5,2045,"ek"
"Rosa gallica L.",175,1,2025,"ek"
"Rosa gallica L.",175,1,2029,"ek"
"Rosa gallica L.",175,1,2037,"ek"
"Rosa gallica L.",175,1,2045,"ek"
"Rosa gallica L.",175,2,2025,"ek"
"Rosa gallica L.",175,2,2029,"ek"
"Rosa gallica L.",175,2,2037,"ek"
"Rosa gallica L.",175,2,2045,"ek"
"Sagittaria sagittifolia L.",1,2,2019,"ek"
"Sagittaria sagittifolia L.",1,2,2023,"ek"
"Sagittaria sagittifolia L.",1,2,2031,"ek"
"Sagittaria sagittifolia L.",1,2,2039,"ek"
"Sagittaria sagittifolia L.",75,1,2025,"ek"
"Sagittaria sagittifolia L.",75,1,2029,"ek"
"Sagittaria sagittifolia L.",75,1,2037,"ek"
"Sagittaria sagittifolia L.",75,1,2045,"ek"
"Sagittaria sagittifolia L.",75,2,2025,"ek"
"Sagittaria sagittifolia L.",75,2,2029,"ek"
"Sagittaria sagittifolia L.",75,2,2037,"ek"
"Sagittaria sagittifolia L.",75,2,2045,"ek"
"Sagittaria sagittifolia L.",75,3,2025,"ek"
"Sagittaria sagittifolia L.",75,3,2029,"ek"
"Sagittaria sagittifolia L.",75,3,2037,"ek"
"Sagittaria sagittifolia L.",75,3,2045,"ek"
"Sagittaria sagittifolia L.",76,1,2025,"ek"
"Sagittaria sagittifolia L.",76,1,2029,"ek"
"Sagittaria sagittifolia L.",76,1,2037,"ek"
"Sagittaria sagittifolia L.",76,1,2045,"ek"
"Sagittaria sagittifolia L.",77,1,2025,"ek"
"Sagittaria sagittifolia L.",77,1,2029,"ek"
"Sagittaria sagittifolia L.",77,1,2037,"ek"
"Sagittaria sagittifolia L.",77,1,2045,"ek"
"Saxifraga granulata L.",16,54,2025,"ek"
"Saxifraga granulata L.",16,54,2029,"ek"
"Saxifraga granulata L.",16,54,2037,"ek"
"Saxifraga granulata L.",16,54,2045,"ek"
"Saxifraga granulata L.",130,4,2025,"ek"
"Saxifraga granulata L.",130,4,2029,"ek"
"Saxifraga granulata L.",130,4,2037,"ek"
"Saxifraga granulata L.",130,4,2045,"ek"
"Saxifraga granulata L.",139,1,2025,"ek"
"Saxifraga granulata L.",139,1,2029,"ek"
"Saxifraga granulata L.",139,1,2037,"ek"
"Saxifraga granulata L.",139,1,2045,"ek"
"Scorzonera humilis L.",6,9,2029,"ek"
"Scorzonera humilis L.",6,9,2031,"ek"
"Scorzonera humilis L.",6,9,2035,"ek"
"Scorzonera humilis L.",6,9,2043,"ek"
"Scorzonera humilis L.",6,10,2029,"ek"
"Scorzonera humilis L.",6,10,2031,"ek"
"Scorzonera humilis L.",6,10,2035,"ek"
"Scorzonera humilis L.",6,10,2043,"ek"
"Scorzonera humilis L.",6,11,2029,"ek"
"Scorzonera humilis L.",6,11,2031,"ek"
"Scorzonera humilis L.",6,11,2035,"ek"
"Scorzonera humilis L.",6,11,2043,"ek"
"Scorzonera humilis L.",13,2,2024,"ek"
"Scorzonera humilis L.",13,2,2026,"ek"
"Scorzonera humilis L.",13,2,2028,"ek"
"Scorzonera humilis L.",13,2,2030,"ek"
"Scorzonera humilis L.",13,2,2032,"ek"
"Scorzonera humilis L.",13,2,2034,"ek"
"Scorzonera humilis L.",13,2,2036,"ek"
"Scorzonera humilis L.",13,2,2038,"ek"
"Scorzonera humilis L.",13,2,2040,"ek"
"Scorzonera humilis L.",13,2,2042,"ek"
"Scorzonera humilis L.",13,2,2044,"ek"
"Scorzonera humilis L.",13,2,2046,"ek"
"Sparganium natans L.",7,1,2024,"ek"
"Sparganium natans L.",7,3,2025,"ek"
"Sparganium natans L.",7,3,2027,"ek"
"Sparganium natans L.",7,3,2029,"ek"
"Sparganium natans L.",7,3,2031,"ek"
"Sparganium natans L.",7,3,2033,"ek"
"Sparganium natans L.",7,3,2035,"ek"
"Sparganium natans L.",7,3,2037,"ek"
"Sparganium natans L.",7,3,2039,"ek"
"Sparganium natans L.",7,3,2041,"ek"
"Sparganium natans L.",7,3,2043,"ek"
"Sparganium natans L.",7,3,2045,"ek"
"Sparganium natans L.",7,3,2047,"ek"
"Sparganium natans L.",38,1,2024,"ek"
"Sparganium natans L.",84,1,2024,"ek"
"Sparganium natans L.",88,1,2024,"ek"
"Sparganium natans L.",89,1,2024,"ek"
"Sparganium natans L.",90,1,2024,"ek"
"Spiranthes aestivalis (Poir.) Rich.",3,8,2024,"ek"
"Spiranthes aestivalis (Poir.) Rich.",3,8,2026,"ek"
"Spiranthes aestivalis (Poir.) Rich.",3,8,2028,"ek"
"Spiranthes aestivalis (Poir.) Rich.",3,8,2030,"ek"
"Spiranthes aestivalis (Poir.) Rich.",3,8,2032,"ek"
"Spiranthes aestivalis (Poir.) Rich.",3,8,2034,"ek"
"Spiranthes aestivalis (Poir.) Rich.",3,8,2036,"ek"
"Spiranthes aestivalis (Poir.) Rich.",3,8,2038,"ek"
"Spiranthes aestivalis (Poir.) Rich.",3,8,2040,"ek"
"Spiranthes aestivalis (Poir.) Rich.",3,8,2042,"ek"
"Spiranthes aestivalis (Poir.) Rich.",3,8,2044,"ek"
"Spiranthes aestivalis (Poir.) Rich.",3,8,2046,"ek"
"Spiranthes aestivalis (Poir.) Rich.",7,8,2027,"ek"
"Spiranthes aestivalis (Poir.) Rich.",7,8,2031,"ek"
"Spiranthes aestivalis (Poir.) Rich.",7,8,2035,"ek"
"Spiranthes aestivalis (Poir.) Rich.",7,8,2039,"ek"
"Spiranthes aestivalis (Poir.) Rich.",7,8,2043,"ek"
"Spiranthes aestivalis (Poir.) Rich.",7,8,2047,"ek"
"Spiranthes aestivalis (Poir.) Rich.",7,9,2031,"ek"
"Spiranthes aestivalis (Poir.) Rich.",7,9,2039,"ek"
"Spiranthes aestivalis (Poir.) Rich.",7,9,2047,"ek"
"Spiranthes aestivalis (Poir.) Rich.",14,9,2027,"ek"
"Spiranthes aestivalis (Poir.) Rich.",14,9,2031,"ek"
"Spiranthes aestivalis (Poir.) Rich.",14,9,2035,"ek"
"Spiranthes aestivalis (Poir.) Rich.",14,9,2039,"ek"
"Spiranthes aestivalis (Poir.) Rich.",14,9,2043,"ek"
"Spiranthes aestivalis (Poir.) Rich.",14,9,2047,"ek"
"Spiranthes aestivalis (Poir.) Rich.",14,10,2027,"ek"
"Spiranthes aestivalis (Poir.) Rich.",14,10,2031,"ek"
"Spiranthes aestivalis (Poir.) Rich.",14,10,2035,"ek"
"Spiranthes aestivalis (Poir.) Rich.",14,10,2039,"ek"
"Spiranthes aestivalis (Poir.) Rich.",14,10,2043,"ek"
"Spiranthes aestivalis (Poir.) Rich.",14,10,2047,"ek"
"Spiranthes aestivalis (Poir.) Rich.",14,11,2027,"ek"
"Spiranthes aestivalis (Poir.) Rich.",14,11,2031,"ek"
"Spiranthes aestivalis (Poir.) Rich.",14,11,2035,"ek"
"Spiranthes aestivalis (Poir.) Rich.",14,11,2039,"ek"
"Spiranthes aestivalis (Poir.) Rich.",14,11,2043,"ek"
"Spiranthes aestivalis (Poir.) Rich.",14,11,2047,"ek"
"Spiranthes aestivalis (Poir.) Rich.",14,12,2027,"ek"
"Spiranthes aestivalis (Poir.) Rich.",14,12,2031,"ek"
"Spiranthes aestivalis (Poir.) Rich.",14,12,2035,"ek"
"Spiranthes aestivalis (Poir.) Rich.",14,12,2039,"ek"
"Spiranthes aestivalis (Poir.) Rich.",14,12,2043,"ek"
"Spiranthes aestivalis (Poir.) Rich.",14,12,2047,"ek"
"Spiranthes aestivalis (Poir.) Rich.",18,3,2025,"ek"
"Spiranthes aestivalis (Poir.) Rich.",18,3,2027,"ek"
"Spiranthes aestivalis (Poir.) Rich.",18,3,2029,"ek"
"Spiranthes aestivalis (Poir.) Rich.",18,3,2031,"ek"
"Spiranthes aestivalis (Poir.) Rich.",18,3,2033,"ek"
"Spiranthes aestivalis (Poir.) Rich.",18,3,2035,"ek"
"Spiranthes aestivalis (Poir.) Rich.",18,3,2037,"ek"
"Spiranthes aestivalis (Poir.) Rich.",18,3,2039,"ek"
"Spiranthes aestivalis (Poir.) Rich.",18,3,2041,"ek"
"Spiranthes aestivalis (Poir.) Rich.",18,3,2043,"ek"
"Spiranthes aestivalis (Poir.) Rich.",18,3,2045,"ek"
"Spiranthes aestivalis (Poir.) Rich.",18,3,2047,"ek"
"Spiranthes spiralis (L.) Chevall.",100,4,2025,"ek"
"Spiranthes spiralis (L.) Chevall.",100,4,2029,"ek"
"Spiranthes spiralis (L.) Chevall.",100,4,2037,"ek"
"Spiranthes spiralis (L.) Chevall.",100,4,2045,"ek"
"Spiranthes spiralis (L.) Chevall.",100,5,2029,"ek"
"Spiranthes spiralis (L.) Chevall.",100,5,2031,"ek"
"Spiranthes spiralis (L.) Chevall.",100,5,2035,"ek"
"Spiranthes spiralis (L.) Chevall.",100,5,2043,"ek"
"Spiranthes spiralis (L.) Chevall.",155,2,2029,"ek"
"Spiranthes spiralis (L.) Chevall.",155,2,2031,"ek"
"Spiranthes spiralis (L.) Chevall.",155,2,2035,"ek"
"Spiranthes spiralis (L.) Chevall.",155,2,2043,"ek"
"Spiranthes spiralis (L.) Chevall.",161,1,2025,"ek"
"Spiranthes spiralis (L.) Chevall.",161,1,2029,"ek"
"Spiranthes spiralis (L.) Chevall.",161,1,2037,"ek"
"Spiranthes spiralis (L.) Chevall.",161,1,2045,"ek"
"Spiranthes spiralis (L.) Chevall.",161,2,2029,"ek"
"Spiranthes spiralis (L.) Chevall.",161,2,2031,"ek"
"Spiranthes spiralis (L.) Chevall.",161,2,2035,"ek"
"Spiranthes spiralis (L.) Chevall.",161,2,2043,"ek"
"Spiranthes spiralis (L.) Chevall.",162,1,2029,"ek"
"Spiranthes spiralis (L.) Chevall.",162,1,2031,"ek"
"Spiranthes spiralis (L.) Chevall.",162,1,2035,"ek"
"Spiranthes spiralis (L.) Chevall.",162,1,2043,"ek"
"Spiranthes spiralis (L.) Chevall.",162,2,2029,"ek"
"Spiranthes spiralis (L.) Chevall.",162,2,2031,"ek"
"Spiranthes spiralis (L.) Chevall.",162,2,2035,"ek"
"Spiranthes spiralis (L.) Chevall.",162,2,2043,"ek"
"Spiranthes spiralis (L.) Chevall.",163,1,2029,"ek"
"Spiranthes spiralis (L.) Chevall.",163,1,2031,"ek"
"Spiranthes spiralis (L.) Chevall.",163,1,2035,"ek"
"Spiranthes spiralis (L.) Chevall.",163,1,2043,"ek"
"Teucrium scordium L.",9,1,2025,"ek"
"Teucrium scordium L.",9,1,2029,"ek"
"Teucrium scordium L.",9,1,2037,"ek"
"Teucrium scordium L.",9,1,2045,"ek"
"Teucrium scordium L.",9,2,2025,"ek"
"Teucrium scordium L.",9,2,2029,"ek"
"Teucrium scordium L.",9,2,2037,"ek"
"Teucrium scordium L.",9,2,2045,"ek"
"Teucrium scordium L.",9,3,2025,"ek"
"Teucrium scordium L.",9,3,2029,"ek"
"Teucrium scordium L.",9,3,2037,"ek"
"Teucrium scordium L.",9,3,2045,"ek"
"Teucrium scordium L.",9,4,2025,"ek"
"Teucrium scordium L.",9,4,2029,"ek"
"Teucrium scordium L.",9,4,2037,"ek"
"Teucrium scordium L.",9,4,2045,"ek"
"Teucrium scordium L.",9,5,2025,"ek"
"Teucrium scordium L.",9,5,2029,"ek"
"Teucrium scordium L.",9,5,2037,"ek"
"Teucrium scordium L.",9,5,2045,"ek"
"Teucrium scordium L.",9,6,2025,"ek"
"Teucrium scordium L.",9,6,2029,"ek"
"Teucrium scordium L.",9,6,2037,"ek"
"Teucrium scordium L.",9,6,2045,"ek"
"Teucrium scordium L.",9,7,2025,"ek"
"Teucrium scordium L.",9,7,2029,"ek"
"Teucrium scordium L.",9,7,2037,"ek"
"Teucrium scordium L.",9,7,2045,"ek"
"Teucrium scordium L.",9,8,2025,"ek"
"Teucrium scordium L.",9,8,2029,"ek"
"Teucrium scordium L.",9,8,2037,"ek"
"Teucrium scordium L.",9,8,2045,"ek"
"Teucrium scordium L.",9,9,2025,"ek"
"Teucrium scordium L.",9,9,2029,"ek"
"Teucrium scordium L.",9,9,2037,"ek"
"Teucrium scordium L.",9,9,2045,"ek"
"Teucrium scordium L.",10,1,2025,"ek"
"Teucrium scordium L.",10,1,2029,"ek"
"Teucrium scordium L.",10,1,2037,"ek"
"Teucrium scordium L.",10,1,2045,"ek"
"Teucrium scordium L.",10,2,2025,"ek"
"Teucrium scordium L.",10,2,2029,"ek"
"Teucrium scordium L.",10,2,2037,"ek"
"Teucrium scordium L.",10,2,2045,"ek"
"Teucrium scordium L.",10,3,2025,"ek"
"Teucrium scordium L.",10,3,2029,"ek"
"Teucrium scordium L.",10,3,2037,"ek"
"Teucrium scordium L.",10,3,2045,"ek"
"Teucrium scordium L.",10,4,2025,"ek"
"Teucrium scordium L.",10,4,2029,"ek"
"Teucrium scordium L.",10,4,2037,"ek"
"Teucrium scordium L.",10,4,2045,"ek"
"Teucrium scordium L.",10,5,2025,"ek"
"Teucrium scordium L.",10,5,2029,"ek"
"Teucrium scordium L.",10,5,2037,"ek"
"Teucrium scordium L.",10,5,2045,"ek"
"Teucrium scordium L.",10,6,2025,"ek"
"Teucrium scordium L.",10,6,2029,"ek"
"Teucrium scordium L.",10,6,2037,"ek"
"Teucrium scordium L.",10,6,2045,"ek"
"Teucrium scordium L.",10,7,2025,"ek"
"Teucrium scordium L.",10,7,2029,"ek"
"Teucrium scordium L.",10,7,2037,"ek"
"Teucrium scordium L.",10,7,2045,"ek"
"Teucrium scordium L.",10,8,2025,"ek"
"Teucrium scordium L.",10,8,2029,"ek"
"Teucrium scordium L.",10,8,2037,"ek"
"Teucrium scordium L.",10,8,2045,"ek"
"Teucrium scordium L.",10,9,2025,"ek"
"Teucrium scordium L.",10,9,2029,"ek"
"Teucrium scordium L.",10,9,2037,"ek"
"Teucrium scordium L.",10,9,2045,"ek"
"Teucrium scordium L.",10,10,2025,"ek"
"Teucrium scordium L.",10,10,2029,"ek"
"Teucrium scordium L.",10,10,2037,"ek"
"Teucrium scordium L.",10,10,2045,"ek"
"Teucrium scordium L.",75,14,2025,"ek"
"Teucrium scordium L.",75,14,2029,"ek"
"Teucrium scordium L.",75,14,2037,"ek"
"Teucrium scordium L.",75,14,2045,"ek"
"Thalictrum simplex subsp. galioides (DC.) Korsh.",3,4,2025,"ek"
"Thalictrum simplex subsp. galioides (DC.) Korsh.",3,4,2029,"ek"
"Thalictrum simplex subsp. galioides (DC.) Korsh.",3,4,2037,"ek"
"Thalictrum simplex subsp. galioides (DC.) Korsh.",3,4,2045,"ek"
"Thalictrum simplex subsp. galioides (DC.) Korsh.",63,4,2025,"ek"
"Thalictrum simplex subsp. galioides (DC.) Korsh.",63,4,2029,"ek"
"Thalictrum simplex subsp. galioides (DC.) Korsh.",63,4,2037,"ek"
"Thalictrum simplex subsp. galioides (DC.) Korsh.",63,4,2045,"ek"
"Thesium rostratum Mert. & W. D. J. Koch",14,3,2025,"ek"
"Thesium rostratum Mert. & W. D. J. Koch",14,3,2027,"ek"
"Thesium rostratum Mert. & W. D. J. Koch",14,3,2029,"ek"
"Thesium rostratum Mert. & W. D. J. Koch",14,3,2031,"ek"
"Thesium rostratum Mert. & W. D. J. Koch",14,3,2033,"ek"
"Thesium rostratum Mert. & W. D. J. Koch",14,3,2035,"ek"
"Thesium rostratum Mert. & W. D. J. Koch",14,3,2037,"ek"
"Thesium rostratum Mert. & W. D. J. Koch",14,3,2039,"ek"
"Thesium rostratum Mert. & W. D. J. Koch",14,3,2041,"ek"
"Thesium rostratum Mert. & W. D. J. Koch",14,3,2043,"ek"
"Thesium rostratum Mert. & W. D. J. Koch",14,3,2045,"ek"
"Thesium rostratum Mert. & W. D. J. Koch",14,3,2047,"ek"
"Thesium rostratum Mert. & W. D. J. Koch",57,1,2025,"ek"
"Thesium rostratum Mert. & W. D. J. Koch",57,1,2029,"ek"
"Thesium rostratum Mert. & W. D. J. Koch",57,1,2037,"ek"
"Thesium rostratum Mert. & W. D. J. Koch",57,1,2045,"ek"
"Thesium rostratum Mert. & W. D. J. Koch",58,1,2025,"ek"
"Thesium rostratum Mert. & W. D. J. Koch",58,1,2029,"ek"
"Thesium rostratum Mert. & W. D. J. Koch",58,1,2037,"ek"
"Thesium rostratum Mert. & W. D. J. Koch",58,1,2045,"ek"
"Thesium rostratum Mert. & W. D. J. Koch",59,1,2028,"ek"
"Thesium rostratum Mert. & W. D. J. Koch",59,1,2030,"ek"
"Thesium rostratum Mert. & W. D. J. Koch",59,1,2034,"ek"
"Thesium rostratum Mert. & W. D. J. Koch",59,1,2042,"ek"
"Trifolium ochroleucon Huds.",111,11,2024,"ekf"
"Trifolium ochroleucon Huds.",111,11,2025,"ekf"
"Trifolium ochroleucon Huds.",111,11,2026,"ekf"
"Trifolium ochroleucon Huds.",111,11,2027,"ekf"
"Trifolium ochroleucon Huds.",111,11,2028,"ekf"
"Trifolium ochroleucon Huds.",111,11,2029,"ekf"
"Trifolium ochroleucon Huds.",111,11,2030,"ekf"
"Trifolium ochroleucon Huds.",111,11,2031,"ekf"
"Trifolium ochroleucon Huds.",111,11,2032,"ekf"
"Trifolium ochroleucon Huds.",111,11,2033,"ekf"
"Trifolium ochroleucon Huds.",111,11,2034,"ekf"
"Trifolium ochroleucon Huds.",111,11,2035,"ekf"
"Trifolium ochroleucon Huds.",111,11,2036,"ekf"
"Trifolium ochroleucon Huds.",111,11,2037,"ekf"
"Trifolium ochroleucon Huds.",111,11,2038,"ekf"
"Trifolium ochroleucon Huds.",111,11,2039,"ekf"
"Trifolium ochroleucon Huds.",111,11,2040,"ekf"
"Trifolium ochroleucon Huds.",111,11,2041,"ekf"
"Trifolium ochroleucon Huds.",111,11,2042,"ekf"
"Trifolium ochroleucon Huds.",111,11,2043,"ekf"
"Trifolium ochroleucon Huds.",111,11,2044,"ekf"
"Trifolium ochroleucon Huds.",111,11,2045,"ekf"
"Trifolium ochroleucon Huds.",111,11,2046,"ekf"
"Trifolium ochroleucon Huds.",111,11,2047,"ekf"
"Typha minima Hoppe",30,6,2025,"ek"
"Typha minima Hoppe",30,6,2029,"ek"
"Typha minima Hoppe",30,6,2037,"ek"
"Typha minima Hoppe",30,6,2045,"ek"
"Typha minima Hoppe",30,7,2025,"ek"
"Typha minima Hoppe",30,7,2029,"ek"
"Typha minima Hoppe",30,7,2037,"ek"
"Typha minima Hoppe",30,7,2045,"ek"
"Typha minima Hoppe",41,4,2025,"ek"
"Typha minima Hoppe",41,4,2029,"ek"
"Typha minima Hoppe",41,4,2037,"ek"
"Typha minima Hoppe",41,4,2045,"ek"
"Typha minima Hoppe",49,11,2025,"ek"
"Typha minima Hoppe",49,11,2029,"ek"
"Typha minima Hoppe",49,11,2037,"ek"
"Typha minima Hoppe",49,11,2045,"ek"
"Typha minima Hoppe",49,12,2025,"ek"
"Typha minima Hoppe",49,12,2029,"ek"
"Typha minima Hoppe",49,12,2037,"ek"
"Typha minima Hoppe",49,12,2045,"ek"
"Typha minima Hoppe",85,2,2025,"ek"
"Typha minima Hoppe",85,2,2029,"ek"
"Typha minima Hoppe",85,2,2037,"ek"
"Typha minima Hoppe",85,2,2045,"ek"
"Typha minima Hoppe",86,1,2025,"ek"
"Typha minima Hoppe",86,1,2029,"ek"
"Typha minima Hoppe",86,1,2037,"ek"
"Typha minima Hoppe",86,1,2045,"ek"
"Typha minima Hoppe",86,2,2025,"ek"
"Typha minima Hoppe",86,2,2029,"ek"
"Typha minima Hoppe",86,2,2037,"ek"
"Typha minima Hoppe",86,2,2045,"ek"
"Typha minima Hoppe",86,3,2025,"ek"
"Typha minima Hoppe",86,3,2029,"ek"
"Typha minima Hoppe",86,3,2037,"ek"
"Typha minima Hoppe",86,3,2045,"ek"
"Typha minima Hoppe",86,4,2025,"ek"
"Typha minima Hoppe",86,4,2029,"ek"
"Typha minima Hoppe",86,4,2037,"ek"
"Typha minima Hoppe",86,4,2045,"ek"
"Typha minima Hoppe",87,1,2025,"ek"
"Typha minima Hoppe",87,1,2029,"ek"
"Typha minima Hoppe",87,1,2037,"ek"
"Typha minima Hoppe",87,1,2045,"ek"
"Typha minima Hoppe",88,1,2025,"ek"
"Typha minima Hoppe",88,1,2029,"ek"
"Typha minima Hoppe",88,1,2037,"ek"
"Typha minima Hoppe",88,1,2045,"ek"
"Typha minima Hoppe",88,2,2025,"ek"
"Typha minima Hoppe",88,2,2029,"ek"
"Typha minima Hoppe",88,2,2037,"ek"
"Typha minima Hoppe",88,2,2045,"ek"
"Utricularia bremii Heer",1,18,2031,"ek"
"Utricularia bremii Heer",1,18,2039,"ek"
"Utricularia bremii Heer",1,18,2047,"ek"
"Utricularia bremii Heer",1,19,2025,"ek"
"Utricularia bremii Heer",1,19,2027,"ek"
"Utricularia bremii Heer",1,19,2029,"ek"
"Utricularia bremii Heer",1,19,2031,"ek"
"Utricularia bremii Heer",1,19,2033,"ek"
"Utricularia bremii Heer",1,19,2035,"ek"
"Utricularia bremii Heer",1,19,2037,"ek"
"Utricularia bremii Heer",1,19,2039,"ek"
"Utricularia bremii Heer",1,19,2041,"ek"
"Utricularia bremii Heer",1,19,2043,"ek"
"Utricularia bremii Heer",1,19,2045,"ek"
"Utricularia bremii Heer",1,19,2047,"ek"
"Utricularia bremii Heer",2,16,2027,"ek"
"Utricularia bremii Heer",2,16,2031,"ek"
"Utricularia bremii Heer",2,16,2035,"ek"
"Utricularia bremii Heer",2,16,2039,"ek"
"Utricularia bremii Heer",2,16,2043,"ek"
"Utricularia bremii Heer",2,16,2047,"ek"
"Utricularia bremii Heer",3,7,2026,"ek"
"Utricularia bremii Heer",3,7,2030,"ek"
"Utricularia bremii Heer",3,7,2034,"ek"
"Utricularia bremii Heer",3,7,2038,"ek"
"Utricularia bremii Heer",3,7,2042,"ek"
"Utricularia bremii Heer",3,7,2046,"ek"
"Utricularia bremii Heer",50,1,2026,"ek"
"Utricularia bremii Heer",50,1,2030,"ek"
"Utricularia bremii Heer",50,1,2034,"ek"
"Utricularia bremii Heer",50,1,2038,"ek"
"Utricularia bremii Heer",50,1,2042,"ek"
"Utricularia bremii Heer",50,1,2046,"ek"
"Utricularia intermedia Hayne",4,1,2025,"ek"
"Utricularia intermedia Hayne",4,1,2029,"ek"
"Utricularia intermedia Hayne",4,1,2033,"ek"
"Utricularia intermedia Hayne",4,1,2037,"ek"
"Utricularia intermedia Hayne",4,1,2041,"ek"
"Utricularia intermedia Hayne",4,1,2045,"ek"
"Utricularia intermedia Hayne",4,2,2025,"ek"
"Utricularia intermedia Hayne",4,2,2029,"ek"
"Utricularia intermedia Hayne",4,2,2033,"ek"
"Utricularia intermedia Hayne",4,2,2037,"ek"
"Utricularia intermedia Hayne",4,2,2041,"ek"
"Utricularia intermedia Hayne",4,2,2045,"ek"
"Utricularia intermedia Hayne",7,3,2029,"ek"
"Utricularia intermedia Hayne",7,3,2037,"ek"
"Utricularia intermedia Hayne",7,3,2045,"ek"
"Utricularia intermedia Hayne",11,1,2022,"ek"
"Utricularia intermedia Hayne",16,2,2025,"ek"
"Utricularia intermedia Hayne",16,2,2029,"ek"
"Utricularia intermedia Hayne",16,2,2033,"ek"
"Utricularia intermedia Hayne",16,2,2037,"ek"
"Utricularia intermedia Hayne",16,2,2041,"ek"
"Utricularia intermedia Hayne",16,2,2045,"ek"
"Utricularia intermedia Hayne",17,1,2023,"ek"
"Utricularia intermedia Hayne",17,1,2025,"ek"
"Utricularia intermedia Hayne",17,1,2027,"ek"
"Utricularia intermedia Hayne",17,1,2029,"ek"
"Utricularia intermedia Hayne",17,1,2031,"ek"
"Utricularia intermedia Hayne",17,1,2033,"ek"
"Utricularia intermedia Hayne",17,1,2035,"ek"
"Utricularia intermedia Hayne",17,1,2037,"ek"
"Utricularia intermedia Hayne",17,1,2039,"ek"
"Utricularia intermedia Hayne",17,1,2041,"ek"
"Utricularia intermedia Hayne",17,1,2043,"ek"
"Utricularia intermedia Hayne",17,1,2045,"ek"
"Utricularia intermedia Hayne",18,1,2023,"ek"
"Utricularia intermedia Hayne",18,1,2025,"ek"
"Utricularia intermedia Hayne",18,1,2027,"ek"
"Utricularia intermedia Hayne",18,1,2029,"ek"
"Utricularia intermedia Hayne",18,1,2031,"ek"
"Utricularia intermedia Hayne",18,1,2033,"ek"
"Utricularia intermedia Hayne",18,1,2035,"ek"
"Utricularia intermedia Hayne",18,1,2037,"ek"
"Utricularia intermedia Hayne",18,1,2039,"ek"
"Utricularia intermedia Hayne",18,1,2041,"ek"
"Utricularia intermedia Hayne",18,1,2043,"ek"
"Utricularia intermedia Hayne",18,1,2045,"ek"
"Utricularia intermedia Hayne",18,4,2024,"ek"
"Utricularia intermedia Hayne",18,4,2026,"ek"
"Utricularia intermedia Hayne",18,4,2028,"ek"
"Utricularia intermedia Hayne",18,4,2030,"ek"
"Utricularia intermedia Hayne",18,4,2032,"ek"
"Utricularia intermedia Hayne",18,4,2034,"ek"
"Utricularia intermedia Hayne",18,4,2036,"ek"
"Utricularia intermedia Hayne",18,4,2038,"ek"
"Utricularia intermedia Hayne",18,4,2040,"ek"
"Utricularia intermedia Hayne",18,4,2042,"ek"
"Utricularia intermedia Hayne",18,4,2044,"ek"
"Utricularia intermedia Hayne",18,4,2046,"ek"
"Utricularia intermedia Hayne",22,1,2025,"ek"
"Utricularia intermedia Hayne",22,1,2029,"ek"
"Utricularia intermedia Hayne",22,1,2033,"ek"
"Utricularia intermedia Hayne",22,1,2037,"ek"
"Utricularia intermedia Hayne",22,1,2041,"ek"
"Utricularia intermedia Hayne",22,1,2045,"ek"
"Utricularia intermedia Hayne",23,1,2029,"ek"
"Utricularia intermedia Hayne",23,1,2037,"ek"
"Utricularia intermedia Hayne",23,1,2045,"ek"
"Utricularia intermedia Hayne",26,1,2023,"ek"
"Utricularia intermedia Hayne",26,1,2025,"ek"
"Utricularia intermedia Hayne",26,1,2027,"ek"
"Utricularia intermedia Hayne",26,1,2029,"ek"
"Utricularia intermedia Hayne",26,1,2031,"ek"
"Utricularia intermedia Hayne",26,1,2033,"ek"
"Utricularia intermedia Hayne",26,1,2035,"ek"
"Utricularia intermedia Hayne",26,1,2037,"ek"
"Utricularia intermedia Hayne",26,1,2039,"ek"
"Utricularia intermedia Hayne",26,1,2041,"ek"
"Utricularia intermedia Hayne",26,1,2043,"ek"
"Utricularia intermedia Hayne",26,1,2045,"ek"
"Utricularia intermedia Hayne",29,1,2025,"ek"
"Utricularia intermedia Hayne",29,1,2029,"ek"
"Utricularia intermedia Hayne",29,1,2033,"ek"
"Utricularia intermedia Hayne",29,1,2037,"ek"
"Utricularia intermedia Hayne",29,1,2041,"ek"
"Utricularia intermedia Hayne",29,1,2045,"ek"
"Utricularia intermedia Hayne",31,1,2024,"ek"
"Utricularia intermedia Hayne",31,1,2026,"ek"
"Utricularia intermedia Hayne",31,1,2028,"ek"
"Utricularia intermedia Hayne",31,1,2030,"ek"
"Utricularia intermedia Hayne",31,1,2032,"ek"
"Utricularia intermedia Hayne",31,1,2034,"ek"
"Utricularia intermedia Hayne",31,1,2036,"ek"
"Utricularia intermedia Hayne",31,1,2038,"ek"
"Utricularia intermedia Hayne",31,1,2040,"ek"
"Utricularia intermedia Hayne",31,1,2042,"ek"
"Utricularia intermedia Hayne",31,1,2044,"ek"
"Utricularia intermedia Hayne",31,1,2046,"ek"
"Utricularia intermedia Hayne",96,1,2024,"ek"
"Utricularia intermedia Hayne",301,1,2024,"ek"
"Utricularia minor L.",8,5,2026,"ek"
"Utricularia minor L.",8,5,2030,"ek"
"Utricularia minor L.",8,5,2034,"ek"
"Utricularia minor L.",8,5,2038,"ek"
"Utricularia minor L.",8,5,2042,"ek"
"Utricularia minor L.",8,5,2046,"ek"
"Utricularia minor L.",16,3,2026,"ek"
"Utricularia minor L.",16,3,2030,"ek"
"Utricularia minor L.",16,3,2034,"ek"
"Utricularia minor L.",16,3,2038,"ek"
"Utricularia minor L.",16,3,2042,"ek"
"Utricularia minor L.",16,3,2046,"ek"
"Utricularia minor L.",16,5,2026,"ek"
"Utricularia minor L.",16,5,2030,"ek"
"Utricularia minor L.",16,5,2034,"ek"
"Utricularia minor L.",16,5,2038,"ek"
"Utricularia minor L.",16,5,2042,"ek"
"Utricularia minor L.",16,5,2046,"ek"
"Utricularia minor L.",16,7,2026,"ek"
"Utricularia minor L.",16,7,2030,"ek"
"Utricularia minor L.",16,7,2034,"ek"
"Utricularia minor L.",16,7,2038,"ek"
"Utricularia minor L.",16,7,2042,"ek"
"Utricularia minor L.",16,7,2046,"ek"
"Utricularia minor L.",16,8,2024,"ek"
"Utricularia minor L.",16,8,2026,"ek"
"Utricularia minor L.",16,8,2028,"ek"
"Utricularia minor L.",16,8,2030,"ek"
"Utricularia minor L.",16,8,2032,"ek"
"Utricularia minor L.",16,8,2034,"ek"
"Utricularia minor L.",16,8,2036,"ek"
"Utricularia minor L.",16,8,2038,"ek"
"Utricularia minor L.",16,8,2040,"ek"
"Utricularia minor L.",16,8,2042,"ek"
"Utricularia minor L.",16,8,2044,"ek"
"Utricularia minor L.",16,8,2046,"ek"
"Utricularia minor L.",16,9,2026,"ek"
"Utricularia minor L.",16,9,2030,"ek"
"Utricularia minor L.",16,9,2034,"ek"
"Utricularia minor L.",16,9,2038,"ek"
"Utricularia minor L.",16,9,2042,"ek"
"Utricularia minor L.",16,9,2046,"ek"
"Utricularia minor L.",21,1,2026,"ek"
"Utricularia minor L.",21,1,2030,"ek"
"Utricularia minor L.",21,1,2034,"ek"
"Utricularia minor L.",21,1,2038,"ek"
"Utricularia minor L.",21,1,2042,"ek"
"Utricularia minor L.",21,1,2046,"ek"
"Utricularia minor L.",22,2,2026,"ek"
"Utricularia minor L.",22,2,2030,"ek"
"Utricularia minor L.",22,2,2034,"ek"
"Utricularia minor L.",22,2,2038,"ek"
"Utricularia minor L.",22,2,2042,"ek"
"Utricularia minor L.",22,2,2046,"ek"
"Utricularia minor L.",62,2,2025,"ek"
"Utricularia minor L.",62,2,2029,"ek"
"Utricularia minor L.",62,2,2033,"ek"
"Utricularia minor L.",62,2,2037,"ek"
"Utricularia minor L.",62,2,2041,"ek"
"Utricularia minor L.",62,2,2045,"ek"
"Utricularia minor L.",86,2,2030,"ek"
"Utricularia minor L.",86,2,2038,"ek"
"Utricularia minor L.",86,2,2046,"ek"
"Utricularia minor L.",91,1,2026,"ek"
"Utricularia minor L.",91,1,2030,"ek"
"Utricularia minor L.",91,1,2034,"ek"
"Utricularia minor L.",91,1,2038,"ek"
"Utricularia minor L.",91,1,2042,"ek"
"Utricularia minor L.",91,1,2046,"ek"
"Utricularia minor L.",92,1,2026,"ek"
"Utricularia minor L.",92,1,2030,"ek"
"Utricularia minor L.",92,1,2034,"ek"
"Utricularia minor L.",92,1,2038,"ek"
"Utricularia minor L.",92,1,2042,"ek"
"Utricularia minor L.",92,1,2046,"ek"
"Utricularia minor L.",93,1,2026,"ek"
"Utricularia minor L.",93,1,2030,"ek"
"Utricularia minor L.",93,1,2034,"ek"
"Utricularia minor L.",93,1,2038,"ek"
"Utricularia minor L.",93,1,2042,"ek"
"Utricularia minor L.",93,1,2046,"ek"
"Utricularia minor L.",94,1,2030,"ek"
"Utricularia minor L.",94,1,2038,"ek"
"Utricularia minor L.",94,1,2046,"ek"
"Utricularia minor L.",95,1,2026,"ek"
"Utricularia minor L.",95,1,2030,"ek"
"Utricularia minor L.",95,1,2034,"ek"
"Utricularia minor L.",95,1,2038,"ek"
"Utricularia minor L.",95,1,2042,"ek"
"Utricularia minor L.",95,1,2046,"ek"
"Utricularia stygia G. Thor",103,1,2022,"ek"
"Utricularia vulgaris L.",3,1,2025,"ek"
"Utricularia vulgaris L.",3,1,2029,"ek"
"Utricularia vulgaris L.",3,1,2033,"ek"
"Utricularia vulgaris L.",3,1,2037,"ek"
"Utricularia vulgaris L.",3,1,2041,"ek"
"Utricularia vulgaris L.",3,1,2045,"ek"
"Utricularia vulgaris L.",3,2,2025,"ek"
"Utricularia vulgaris L.",3,2,2029,"ek"
"Utricularia vulgaris L.",3,2,2033,"ek"
"Utricularia vulgaris L.",3,2,2037,"ek"
"Utricularia vulgaris L.",3,2,2041,"ek"
"Utricularia vulgaris L.",3,2,2045,"ek"
"Utricularia vulgaris L.",3,3,2026,"ek"
"Utricularia vulgaris L.",3,3,2030,"ek"
"Utricularia vulgaris L.",3,3,2034,"ek"
"Utricularia vulgaris L.",3,3,2038,"ek"
"Utricularia vulgaris L.",3,3,2042,"ek"
"Utricularia vulgaris L.",3,3,2046,"ek"
"Viola elatior Fr.",29,19,2025,"ek"
"Viola elatior Fr.",29,19,2029,"ek"
"Viola elatior Fr.",29,19,2037,"ek"
"Viola elatior Fr.",29,19,2045,"ek"
"Viola elatior Fr.",42,1,2025,"ek"
"Viola elatior Fr.",42,1,2029,"ek"
"Viola elatior Fr.",42,1,2037,"ek"
"Viola elatior Fr.",42,1,2045,"ek"
"Viola elatior Fr.",43,1,2025,"ek"
"Viola elatior Fr.",43,1,2029,"ek"
"Viola elatior Fr.",43,1,2037,"ek"
"Viola elatior Fr.",43,1,2045,"ek"
"Viola elatior Fr.",43,2,2025,"ek"
"Viola elatior Fr.",43,2,2029,"ek"
"Viola elatior Fr.",43,2,2037,"ek"
"Viola elatior Fr.",43,2,2045,"ek"
"Viola elatior Fr.",43,3,2025,"ek"
"Viola elatior Fr.",43,3,2029,"ek"
"Viola elatior Fr.",43,3,2037,"ek"
"Viola elatior Fr.",43,3,2045,"ek"
"Viola elatior Fr.",44,1,2025,"ek"
"Viola elatior Fr.",44,1,2029,"ek"
"Viola elatior Fr.",44,1,2037,"ek"
"Viola elatior Fr.",44,1,2045,"ek"
"Viola persicifolia auct.",20,26,2025,"ek"
"Viola persicifolia auct.",20,26,2029,"ek"
"Viola persicifolia auct.",20,26,2037,"ek"
"Viola persicifolia auct.",20,26,2045,"ek"
"Viola persicifolia auct.",20,27,2025,"ek"
"Viola persicifolia auct.",20,27,2029,"ek"
"Viola persicifolia auct.",20,27,2037,"ek"
"Viola persicifolia auct.",20,27,2045,"ek"
"Viola persicifolia auct.",56,3,2025,"ek"
"Viola persicifolia auct.",56,3,2029,"ek"
"Viola persicifolia auct.",56,3,2037,"ek"
"Viola persicifolia auct.",56,3,2045,"ek"
